{"file_hashes":[{"block_hashes":["jBMM6YkW/4khnPuzUGAS1INU+3JcbHMdFthbeIRDtF4=","EdMi/eoSQJqpmUnGMk9R4o4zikeTC2Yw229wPwTCXro="],"block_size":4096,"path":"0d6de499db574dd313c1f3500d337d1a.png"},{"block_hashes":["RRv/G8oVVm3eCmF6+7JRm99ioX+G8Sy0IHeu5d/tj5A=","etnv7WtNd83RKKUvKTY3jEahO46j8SupEtyQ1m9WEmo="],"block_size":4096,"path":"1e360be5458b462df279dadad6eee0cc.png"},{"block_hashes":["Q2qdCCO91ohYUa8Y/+GR8cTo/YkXvpf+3N5az9cff+0=","VsHS3s6sNEbCuhF6UPtPmI1D1cIjQjqgcLLTt7shPdk="],"block_size":4096,"path":"853909d9945e29dd80d5c7d42f9b711e.png"},{"block_hashes":["Lh1Gfx1gdt/zGETK6sIH8AAjzyjLCNsEdwhU+X1xQqo=","k9ohNmkgf24swIbena2CoOXSKk/UounNhIu/JPJV6Pw="],"block_size":4096,"path":"a4a8691ca395136aee475a56913b3456.png"},{"block_hashes":["D6FgEqT/AYsP8/4M/KC++hY4dk88pniK3Dn0vVW1ER0=","ymKzOlBggN+WzbA+yUiBWT1xZJiZh27CDg6wFQjFakc=","7ahnvlA4rtWB54rsFnOpWC4Ql4BVAgDGTIsyDtsozbk=","ea+CbWEzN7TPP7iI60kHSWoml19RHDjIEyNSqdTsC0I="],"block_size":4096,"path":"background.js"},{"block_hashes":["OJ9dRxz/19qkbeu39L88fep108W/MslJNcCpeZlmQRY=","emC3reA87EWASl2UyGHWS+XNop60MwhyKx0K3Ug4dZQ=","cUaWRh+Cgn6esFoc4/4J/349t/kL8ygyO8+GM1d5lOY="],"block_size":4096,"path":"c109bcb81b00aebee5f97730bb1bad9b.png"},{"block_hashes":["JdzYb2W96DrA2n9Gy9uAeIpgk05axh85m2RDkWYc/MM=","CvIfwOY5bbBbU7hFtoixkDTTohmbZeKKUA766oW8YGI=","WVoyWXnihpZ0x2ZAjaUJ6glmzMU4khptvZWaokMgeNg=","+HdHBRIU57RZKphwpk+Ow8HYPZywIeXBdkzLp3pZI1k=","XiPhxRb5zVjFykxbW1ycf7LZn0AbLk+3pj+CC+aJ8MA=","qfvb0W/T5bBmJd4SIFB0xBz7SqrwQg0x/TiXhxl7t1s=","QexhwCS7GRX2uHxybemacQxZyhpYJmv/zqj3GbdzCyM=","MuTMyxropLdaDUhPuS7M2S7blKmhWNEv0N5ncB+k/nA=","dZ8N8UmLogSzSP9UpPL+dKEb+uUd6Sw7Y0TqoJWaOTo=","WWgWX3/4S5J2ipIC8K/aUMFhZIOwy5uVPHZYWg+OJuM=","Hjylmxo2k2+FytR7EK4bjO0aNCRwU8B/m1+ip6Q4n8Q=","Xdexo7thjOpbpZ2zkel9loY+C36onNoib40adAF8lQM=","CslJAuxhsQCXBAQ5q2STlIuHumK9OnyRToyg+dCuzAo=","yJE+nJiMrAJoE73vZqdP0FcM7CKYOtqmKD+beNbeeus=","NqkAaNSdp6KlVbR85bZgZkoGY1WLYd0kDYPpf6uF24E=","eVabHy+/nLSRXq5iyQ9trFKOKr38nt8FPJvVM0Lmcmc=","D6PguAhBjdnvm+o7ABuhZKxkBtJltKqi4JnOG60GL9k=","TCopRZztPY+u1D2XjGBcx+LXzIfPeBtAJQbs9MohJIw=","H0DXD6/IWMhvT3ERcRBCdUg1kTBFQha7CTVm1cRtGLk=","5TeHGBuDv3+ukUMGJ6Xt11+fOiH/evSFruGPiEccNDE=","4j7tKXSxXrBdC7h49SiYjIsGDIjjj1wUWrJ6QeLb8UI=","DF+vQcVM4JCwsDtqoJGRgxLvR3eJWwwWVAvV6qwArnY=","FJtBiTEM3p89dyFcd6VzcFZpMeYo7hYjFlyUJ7zNRQ0=","dpYLY+JTi6SUNdwr4Mx65oU6lsOFEiphPq3xtUuTK0Y=","30qlM6FHGjVYebLMFK8P/Oho/tT49fnmEhlwvKczrqk=","iXz3wotOud+s7ObGm+gzp6xnUpwWKcIhV91JLq6D44Y=","Ss0py5ZhPB69CkNwXRs03N5i/9L6nakYd8YeR9XGxa0=","v7dXybjZGJNyhb+aUHDnf2C+Yn4irzihvL5f1lsd86E=","zXb3GpLd7MIdlMB64WgAL+aaM9F65XTR0UxYwVC1fqc=","vOvdrhmTyvfwk48PP0wMQHURUEe+HpH9bB5LUbf2D9I=","TL/ORSVZFGqxhWIomM+lWovWMhr0LdLWrHZZf5f7ZLU=","o3Ilem4aEfkljPBkwyz7EvJLtfy5FXGyuMSRo8F3X3A=","fidFvqdyZZ9cDBU9YTiCbFRMoYZaezY6A+/XucmJmvw=","Ckozoscjf9RIQybc/Qlp5JQapIzRd4e5d2IOf2Gpexk="],"block_size":4096,"path":"content-script.css"},{"block_hashes":["/fnrKuW80Kd8I+Uh5e+QVfEJ+DfZSDI4qDA4bfefOEc=","bWx6nPYwzna3Sh6sKVlUIwKFKunXTKKBSGaXFlGexes=","YnHYvW+J3FNcmDhH7NWSMgI23OjMWq/KsJHdKN7VJWM=","8KtkvP5oXHS2ST5Uv1V/S+eLYi9KsLNMCAZoT58PonY=","0l5+34NxNnbWPTEgOvP6wCrU/haKS2QoFaCHZX6Zdwc=","bDY5lck0cWkAqYaIrDyOT5aHjqX0NwM8rOgTtpFxT+k=","w3lPGSHSL6JkhK5SRFcQbYq9AWnMs0AX7acrZntEDDY=","IjUl4pxbtLjmOTQqGifM7Kaj4a3hpTRasKxpjgrFkJM=","k5m91x6SdTCJufvfsSIEIWVuU+0PJIz6aMk3OYJqgcA=","mGyMzrQxAgr0huZbIlw3vo3tI2l+1rG6ilmypPMyr6Q=","e0m1vO4hTJ1+UEBQCZWOFZgjfXKTycKsiT7Zc0hdJqo=","0VkVQRbLjJ+mt7IgAYm4WoeNkoeGp4BFnnMCDrBESFk=","dhc3r3/yM+UIZra47igTldpuF6uX+MuBtcu/KRxZlsY=","3viO095eJRxfyBz+tTsZA33yaR85eH4MJYFdyZI9Idg=","wee++yhdPCxHMm8jiGwax/TfiyLSCK9xjYv9lovfzeo=","jGMSOgHhI4TyVu+38A74Z3Z36amXVD85k9DpNxJv4mw=","Skkx3UhvoHoyBsy5agml4LhbfUQMYu7N4VnNX+Tb2/Q=","vKb+rlCkQXcbZe9BNSxGOJSA/saIcI6gk6qnKcxiJos=","mUuJ9a+9mXi92NOpTmjFjAs2Z6+Y6ZtCR6N9nPHzAgs=","As/KLosMzOwV+TSSe0B6t67EyMesBqw/khblDr2pkSc=","PmMo2xA3yLF5tPv1gHInG3hLzPtn1fhjL/17OcokgiY=","aEsvsNDrfFm3xkGnEcuW8hjdyz3dsSNqpzuQM0qStJ4=","D9KINDdkgWtyBbeFoaK8P/ZeeIINa1osw7Bu3vBIlbM=","x1Mokj+N/Bh+1l5nQtIdyNh0a3nkShcmHWhRYyNYqW8=","tbZydexhUbRrWcHTYO6fvLJvpVD2LGA1dtHOicnY5DI=","W7cLa0rY9RqEsrbK2gBphgDZK7kNmpO66I0QBjjMCKw=","JBprr0IWO78d2j22HMlr4IRdZnKszcHgCUqvhx61BpI=","oeyowb+3ohbwRjwiQoBU/w3BKtw7/VFx9diG9Krc2z8=","7mVXocJCzT2GQt867/bklsEfQcfKZy/tkTTtkvUywek=","rK6bXi+fo1ZWOTw16r8qM3GvmOvLGBmgRvxj7JIYCP0=","ZgL5huyoc1uHws449xESOXlzSW7xmgMJgJZHCYVzawU=","lJGjugQQRlZ+cSiBA+2HQlkB91reQYCp9isrQ5zZFWQ=","6TOeitbKy2sTB4ViGJo8JV0IoO7trlRjHTasln6wIvg=","vOxirXBr4Z8UlgbIcU8H40NshXwAjGRlG1tBO9JKHPc=","60ujfgMlp/kAWyBn+BSklSuAtMJtVh5VPyWuchLJY7A=","Jk/11ZtLRsHLD2rgZTJCcU3GDLuBJyTfoG+bI3+8+Ds=","fnnz29eV6UQavOkSqlvzske8xTojWb/luIKx33ZIvEg=","tjexKEeJXihJWg3VI9xeTQ0lgp+2zVOgeFLkTZgQxEA=","NTYAEzS1aiIuMX/dTn6FkcevytBovVgXT/di9EnwoaQ=","ZNRN8SXZaz+Paunzx3m5fXDOQp+x7MuLaW1doqboFik=","zWh4dQCsLL8U+qb19WUXdCK10UlACBpTxJ0xcQqyQSE=","owgLUct6iVwuxGFUp5cMJLVyIgdD36MFLKMT1jCeOZo=","DAhT0a8XRTQTMwCt2BgPjM0zkq/WTjkkTtNqdSiZkQg=","0axmVxFfKJzUL3OiDWf4hUH9Vtl/89RXkTyq+ih3vlU=","0egf0l7rlBTFaijXTU0jGZ5K19w3T6373XSEfTbi8hQ=","FO3k/Qe0lGHAKPd0dZ97YTHhIxJdbLNiJvFm0wOv6GE=","9V+DJrWAWsdxI7yq3omp9iB/7HWFGizMCygAzCkErm0=","HdWab0ltfuu1j7B4ePRCOXqHBOfWry3HxmOxLAe+1Ks=","Z/bU/nj3rbDLZmx5eo4Jg55IVx5Ocg9TRdG8L0iXbio=","vP3SpcGWOpnzYPr3M4L3A0IA9ZpsUPpz6/H26/xMMtA=","qMqJOhkp8bfgW0e69g5ZVK7VVnzvYOU5yYRB5jcUgP4=","dfN95zEAHHx5DCMta96xXJiD7cR8a+D3BIzIeWk+r9Q=","GkuHERTpzfZFE3wAMGdU2MinjI0WBATs07UpIJ2D4VY=","JNWrdgfAyH/9tzU+QgoPiLxJwh89McgRTY8+sbN24Jo=","o6e8cLa8eZzK2IECp7MkOuRCNH7D7Ahx5/6Ut2xloVs=","au4Y1NSpVlU2W7mWMYYKWVxENhdOaI+EfAu0mBr0TjQ=","2ibxyraXw67gShVv64wts0UjzMPwOqAUU9fBDkfpNBw=","pk3Xfke+5SuyYEam3TdFuy+7g93UwrnZpSuTL0xNklA=","uQ6WNKR2X+3dMUrHYYJYaQ6lmJzntZ14vgxjYfdWTeQ=","zFtCuYzH3UO5DkRe4myXJOTquVJsE7PRLIC5VRAEjWA=","8Cxt0RCKczMIqx0y7wNMTFG/FJT9GFKY9BTLJlpKopc=","TZNmN2lBWZqF9q0MODDCsniI2nX9XfjeOagmBl9vPk4=","QTuSWIu0bM0szB3FO32te8+1DV0s42vvMGqiMhPV2rU=","4DER6IZqYJzcRz87L5kI0RJ8INXMDKs85yveEzkg/2A=","3iT4KzNAlQnH1SBcLhaJL0vMAu23vWNmykLwF8Vsr0g=","1B4BmSbGezmsSCx7gtaTv7HXEX4rGE7ViWZy7oEUvNk=","kJRVnLvPGf3GC2iV/alVoCfWCjzVgUumdVx0VNCa6r8=","nb0507O21Pv/OThA6YhLQhLiTRxDuhkr7kN13gkjb54=","wgQVFPcRIapxp5eQZHXfUK+tCyop8wO6fCphKM1NIZc=","eHN1eqkkUYHIhcs35FcouEP2hZRiyppwcNPasbsM+OM=","5VpJiM/Omfd6f2ewT3PvyXGN3b/un3FZXiNldPKjSYg=","vqkD56mnIiHKy0IRRXcQw91q5vKJ0zwyWR42Rv8yRk8=","3mVU8+kMP3d/BGmdm3XDNfhpABHCn3CrXHWlGiuCMII=","wCRp8B+uKN5sOQNX/VVoVbwMz4KS87s6oHL2F0TZzi4=","OcubHXVyoOiNmZtBDz6n/yztUsj2CQ8LWbgnUw4Pcbc=","LazmGQ6HkE5lhBe8ETu/zudL1cRLOuf3fVG4gHk6jSM=","ECocYfIY4vOdJnywi5ASd9/qbNsqIotGcm6zKaPnGgo=","FvC/cnnH07A9pm+N+fmWhjEn59kbd+bbia/tjyfsI10=","cO7Hbuiirn0dv7wBeQucyUZuvHmSUREDmjkIz6zg7JM=","cBuMqFhcqAfPgp+sQzFaAhsFLEkKUVWz3CZFt5IgWnw=","rtqXf3pn15pO/jE9kIjijZ7p7hmLTlAX0M2fP3lWrpM=","NJR1QPwl09Mfn3xMvlQIqaa5awmkjEJ7e7W/kMj3Amk=","xtkXfdiVRKDB2ovxLbMPkmIY58mAd0PEXxu16SKRtDU=","/VET8Lkpr0dYnl7LPe4lHdxHhGXT8y4hUVMLpapQeHs=","X+mTUlB+Ruc9wh/RRNFt95gIaiFQbfXHja3XHbuXX4w=","6GPlIveK/5mSs6H6RU1pHcSE1b6BC3/Sgl9NSkn+dBA=","6CRdmqjCR9/xFuKuxQOAIN2n7/LWwgtgTf0DQM5qj34=","fqiWs7k7nW7GUvsYgPgP0Og7SNsKLVph4EHdBJt1GWc=","ssA1aH36NBdvppE+KG2/hVclCOEQa4VUuYSvXoot0OI=","rPhKAp2c2xavuRxhOZyq3LfsUnRtdjpPBxrLJXVnWEw=","t2AX24ucuEHcAQeF3il/a/fpKjj2YM/ll6GZKXyABGk=","e54koDYVfS5syZbE/GyuF44gh23LBUwJMCRCPdEQZYc=","u9IKHHG9w/q3rsRitIqe/MiGs60B05355GaU1jRhCZQ=","YzBfjCIYX6IBc6I5beM/ufqFl5W7wTxJm5JAnUYy1lk=","J18PtoYHlxtmSsav3V9on1KbEQ+d/aNfokoyB/wPYKw=","QOxxwu9amnVec1xYNmSiDU0xdJ8oKX2pjlUBz2uIcBY=","QDHZBy6sSo5CtiRx9jNWG9e+NIt0TfctBtTiBo9l7uM="],"block_size":4096,"path":"content-script.js"},{"block_hashes":["m9nmM6lAJqSeY7mocEZgdbz1hIdWMT24VZCF6X6oMLM=","Vn2eYHZnpnjDt12BMTV3Wr/X8P+qrkpd/UCQZD8ix+A="],"block_size":4096,"path":"dc29114100c22b4660e3ec311004c1fd.png"},{"block_hashes":["ENB8DUlSGYbM6kY0dN1v0qQePC5qhDabLd2grVn6WYc=","KPONuDZiO8pBtS2oyArVo1g/oiKTtsFKu4iShThaRc0="],"block_size":4096,"path":"e084661154ad58415fa1a8f54a04c5e9.png"},{"block_hashes":["hKK5dIDVCV9OI6eLRklxKpZZTdX+BX+3L9BHm2Vb0pU="],"block_size":4096,"path":"helium10.js"},{"block_hashes":["3dADuDwGo3/AxneuyGsIm3HI4TqjrqAd81b9pIjG35c=","3HyKAFArVugoWQ8xVsgYAO7NjiF+XjLcv5pMMjOKXow=","QDKURa2HsJHrR8qiw9P4Ngaznh3Gqgl8Opu2J6EIP+M=","cJ8CKNaJ8lxix5eVGIuT5BvCWnshOm7iXLFwuqdKSCg=","1X8i4ST8tI6JIUppHEBVQz1hdXRyYy2FbW4u35uwhn8=","uHN2C07pTowboaZEj/FIp5wffH9qQbcgoioYJl8A0sg=","8iWr8byLqXQ9FIARhdhSGBa0y1O1uDXS1UYMlF4/R+0=","Ax8YFRqymb1mM2TU3UcoiB1r3TnCyQsPSb/Sd4pdIW8=","5nnQgCxZ7X8fZg01EkOtpqkeyEgEa7WI8v8eczjdlD4=","UhC0oYSmKTCB687AhL9qW6Gu+hLdJBP6h+c9EpItjnE=","Wv7eZ2tWtg09u9GDr8up/NQFwyX9rYCQ7GUPMgY7c3c=","TO4EFC0SOcYlyROkfpB/iWIjBBi1flP/c1bKT5AOnQ8=","WWNCVhJ4YSYOtgQ2onuHZYnpE4WQgUvUTFWfUrZQTSU=","li+Nl6+tIztaicILrcozVHv3zGoKrRzL9h03RCZjpjs=","gSpfc1bDhgMPvfE/xiH9C67RMBvaT262tIoeEN/U+d8=","Sk0bCCtjle62CN6f8bqbC9iIbUwSlZXVCJ0i0Gbe7T4=","sIBEV53kIMHAQJ6eI6ZrQI6QEU3Bv35zMSkb+kKUmgE=","dE4utr0OEjHLpf38Gepx6r5OC1c8lr3sHzFXdC3cL44=","WN3OU/UC5gBD2OAnN1KEv09hpxXxQp6leX5uqmN5fJg=","8OvU3ublqWFDck581N1MIo8XMEf3mDqZJeAUnWr/Oew=","ZRwIU9JhhMvy+5h0C2cVTnF5ZtcBMuqYDe3Bu159AKw=","vbwQ1yMHrhsk71fWp9Xopa/lixt3U55kImTBg2yZBiE=","75z9QaZBXfv1Ryi1gasMoj+5kbpniy5XS7wLp8h/7qY=","XQwopFDaAMpFETxQHOrK1xW62M3Ee4qh+ZQd3ET6s0E=","7bKIjJzv7QsT2zu5ti1ujl4zjgg1CjyRfruIBRlsd5w=","u9se628EW/DVtNzal+FNIWu7xTeu638mB1vizDMWM+E=","ciBnw9V4ycDDhRvuJJTVDbbc1cAWIHmLVZpuuxIZ/K4=","rzWfbetWGUYoNfe4rxdwHBGMWkUI8E3oIS+TZEDnAK0=","mx4LhOnsalh54gh8T3aGI9MO77xkY6ZHOzOR7dbs6/U=","1Xtmyw1kG0Ttq6gvLDDjqpssaqxlKCObNoaa+6F31UM=","Cx1O7IMJut7Wm2pJebb0V9oMaeCaJ+6LO01jFaKQJFQ=","OsQ7vDO/ssVO/SIEh4dhRiTu1+0Bbz+wfoSpgaXhS18=","3s+h08KA144nesuPDi2XJjhXEQjE2cVJ9FPQL7IsGyQ=","obxis4Joyd68Ldwm4YpjSH2wfmUZuJvBmL0RKp9q7eE=","1VGlOzN4laPaYgM2D32qBN87AqHuVVP/+VjcMFHJwoU=","3+l1XaaMFk7ReKsTXW77GulT01AZvlrOJEe8DNqDNWE=","6RH5IjCUwf05MXeI6L6grBci0ZvuadapoRvjsk4isQs=","AsL8utaklcuUL6lrRpgdkjoHyZEud8HxMCcSDJOFx8c=","wqLm9hmiytyt9ZYVRr4+lUA9rf34D1VZO3rg0ROREL8=","3cg9y2alL50B6iSSVH6EFN6/h9NcEyc+PfNZryGjPQQ=","p19e4ddXOsoNHfjMbPJbwyFa28w2fGO49jZPUOF8Yxw="],"block_size":4096,"path":"html/fonts/fontawesome-webfont.eot"},{"block_hashes":["0y5QnP1/oxROmu61uK8kHrw38CkXwk0AnJn+/JdlftE=","wek52cjEEatYt3JW4TbQNp/sVNjoTD3BERyZDTSIUng=","PIFCuIQ6PeO6Kpl+uISGZAhVF6g+PQhFfkuWtjWZJgE=","mhvKpa66EgryysAgzmEFFx1+w2W6kNaUafN2PkVymNE=","qcX/RTc/S38YPz5fndWp005SPnbwqyYZ07xkHg/YhRU=","RY13NSaU1MUVi7vBwOQyVZMpiddcNqQmaki2DUefdvE=","Xv7uIW5lc9sF+KQMA0Z/ehy6OUo0dYSrSIGhXD+umwg=","FzpS7Wew/HB2NF7Wt5uSYWkCJtl3z7epWGX/r92wZLk=","+ZnGjIokkvXRFzHqEX/JywqM2BrEbHax5emVA9OVuOg=","1sS9xEfGDv2v8btL7nnBpZ706zTHC/2ktKo9gzYPKjo=","R0rsbRJnltYSAPc2NC2CEwkVDiE0fBzOgTkrkOB92q4=","DssJm5V76fpQh/IGWjfiVUd3fUDeEbZVrNNcB/7tms4=","UbOxxGpBpNraaLQybRgu7bmfCdv+Bpjj453iedK7R8U=","A5z7DSVcLH5AMo7Ikt8fEW3DkMDRVYmsNsvmQxjY/AA=","MHws5Ic+zZSV5ciw9VwjLRtrirD2t8FURWas5bxoEBc=","MOi2FHegtjkfp894aMl1p5ujt5RAJSSRKXwXJYTz3Xk=","v74tnyA/x5sUVmlMlSeUUwwkIG6VA3MpnrGUwpG8rrU=","J9iNuKPCBpzf5SZxmovSLP333DASud9V9GTX2rpyWIA=","aSwIKSkXOFqJ5ceEd2BLwJc7Zf96sT2RtweahHk3l2I=","5j0RyuoadAQvWbO9m4ItvCAhFDHC/GPEMpjGUmQFpjs=","1BBMNOTUBicVk1O32BdVoL9io9MfkCrG8/W4pfweLr4=","vpBHPYKdtxAVFPbTjPaZZ1fWbqPZDzH7r/R/It0dcd8=","6hb4/ceSsMuWe2yIYcIUp/qWhaFzBY1L2TqEK5W7oTg=","QfLNEmwqlqC5m82U/+rTOPe0fwGj4TZWgAWIDfMizck=","Cpbi8ykyzRVAVrrOXNKxaDiLZ9KSUntaikJvANFpanA=","RkwQ4W0iwSaafgs9D/w78op88al/0y7g6UJ4PTXw568=","ur9rlEo1cmkx9wTWtZ/VuJFQ78eyuX77bHSuXAc3L8w=","K5gIfZpXsAxHk99v6sN28v5z5khyOrWK1LqtmzVJZKY=","nbIqLx21Mtn/wEiI29nva31BnCGg0L3mSRKN9Y9I1/M=","p0ZXoIjU8xJqkwx6ZG7b/tx8lIFtU7UGAdGcatYBwuU=","ywtLJQkhy599wcEpjUnjlHZI581W/TPYncdhibUS5hw=","QdDHFRYoKs9gyMvGqAXm3+5L7d7M36opCyl5zB+MTyA=","4dRNr4gk+IswJ6fFpyfklu8HVdqnhN+eh+tZs+zxZ/M=","GNhcW67Esz6uKXab2dVe/NzeAN9T528uY1CwkWYOg/8=","mz7qUtc7eA1kRmGu4XpCYW7hGptQIdLKiVGmoxcbwUQ=","ZaHZs1JpnTiiXtE74rdUEK2CZHSwfLElM0ZuOAnY8no=","+pXTakVPHdW0o1fs/RX1LD7eIvB6xQGPRjx73WS/Gc0=","u9i/TUSRRvex4TACn/5GWfkQjUxnetYsooXgnAwbuj8=","qr0I2yy2ty/lLNjM4g/yDDxugwA4FxQoUhDFbSdSeaI=","SKsSym6PSBQpMIEfOmwn0RbfWt0iL0LYMntnvcIXP1c=","99prCg7LC/h6eVDywcL3LcqgCw8fBdzBR5vbvmhFoiM=","Zq6O+ZJG/Eo+OYc9wxrtssQ20EBDodUNEObL/SZfAjE=","rF4u3ib8eeGxHQ8ulrqc02KjQJwHiQH6ssiu9r1Krnk=","eIQp+r8HSC3pJHuftqOpvSncQHEpR4w2vtw21QMmN/M=","vORSnInNrh2YlCv1sDZmZpqKzHDy/WPN/aJlc8H63I8=","uCK5qGPQqujWF72+Binn7eoV+h67KrIugF0l3SeuzHY=","PQ7HT5tCt5V6XixXxQCNCKjqpxgyGbSXze7ykhEFr5c=","KmzFDO9qgLQ955HUSxEFd89/NLaIqz0zTQp8mKDaUI4=","kOjim0jyNv1aqjC5IAq+snnUMNSBIjf/N24761DezzY=","uzkodeWlDfppOpmQ/LTcn4zbTkEzQOHTLNKK03gbLZo=","qDoG0ccnR6TTGYuXX/TvAhKA7xgekpZk7pNDMPm4jDU=","2A4OodiB11GpYh5dyaQx7yNPIzEzu5A8L1MV6sLsj+c=","vKW4Z3RxF7uGvn3l7338AldOcPAImSptUmkqgte0Sm8=","l6euVtSt9MKGuJ+PcTIr496nTADqdzGrDxaZqS/UuB8=","UGHmWqBFmr2HPdpfmxOPd8oVw3WkaVsSCHzygnQRxec=","AsgT8aYkpXE/hPdV1DCSsjz189mt/fAbyd4NK9Tz+RQ=","O5U+ytLSMEwiA6UMYOCOI0vsZ64ERNPq4z7DLDrRVt0=","Df1w9wAGROm2X3NNAoJAaZPMJicyCrEgQgh+1J+SLyY=","hwvqwDhV8PbzThjyyGEPMk+g2Gq1jlNzSTnEA8RzKgs=","1y5WWoLF+3aewA5Nt3m29otQTCbKGLmYESO+ffFKRFE=","Cq97MxVW+/DT0QCq/6Z3Ie0XDrv4sBeJ+IRbxAZa7iE=","FfZ/FxOWBm9QeQiBVRoCU6zdwWK+pz1M0HPnLKHGXJI=","3a056TRZNmLHMFHcVJFPxBzx1gVMuxAgWL5+ZLkb/pE=","nVM4yu3H0wmVKSME+1r92R6NNaFW30Qfc+HCO0z7KSg=","kl153r5LU1vn/Thbd+1oqDlC0ae48M+s4p5jvM9F920=","ckxRdwRHrZtDO+F2S1qK/4HZvkvStUIKTRqSd9BIbtU=","/nhZRQ0hV/+QP06uEPpnI9mQuSLRDJG3M7hi9mVGS4o=","BLQYYhh5SzH+5+IZmIOtIflLAQTldkrIgKp8fEj8/lY=","mEFnPgvEMmRyRuFDrj4wFEu2//UdDn4q98QxfOn6cK0=","jDOAp/eDRRRrx8jus55+cwosnJiKfnkFJH9Z0WRKZjk=","VDnT5YUFo+mdxhHdqiXEPGevNCT52GVGVBS5kPrBqB4=","NwLXSDiRgwWz1798VPZ8LLSIS90BuUbg2j3NXCgpBZI=","2TzNtGHzuCD4nHpMQhxgo+OSczoRQnvAV+uFy9QOkVk=","nmirUdsOsG9+8W4ZBdQeDLXxZ40buyXwYDNNwaXzaXs=","0pA16XAmshzZ6XXkmrsJmL6wrsjiFqpjUZihp8sr+W8=","V/O0HhQZAq3Mcsl93+kTRgyOCqqZyJbRRd4JI2/nTWE=","SvQIVFJZ7A/d//04g81y6JQzXxj2W/0URZ/QiibmnLI=","78F4WUhEMuz3K95i7fg6nxht/qVbXS/DwTXb1WGynzM=","etQl2TMaewkpA4i7pXF2Ux1qlMJG/gl250z7NxeriSc=","+iTojhAF1rNfawp4JKGQzMVShyBRC7bc+MEDc7B5gSQ=","FLPgB4zgIKqhGWlpplY+gpJkHH5fnnlhwf96vw5Fgds=","1STmA+E5s8Wi6xdb87JbENAil42hDAc1W5GY53v8ap8=","6FQtJdoXSPgJCd0OBX4KqPsUdZj1UJ95SeSjY0v66cA=","jOdipCoMH2l6NsyUaPYTDwEScjHNCJo8C8iZbI75mw8=","jWpEouzhZ7auJ00/vx9HzumnDst5kEkjU1+y9laNAn0=","rym7pdiZ6Wo4gocqz5Qy9S61alsFThCoX5z/FH/8Z/U=","740aMyuJoNgQUjYhcNKh7QUfThYnZx8oloqbJTBgTIw=","3CLo+VAmDanz1gW/6vz2IxE/l6uFc7EwO1C1z0pDhzU=","21FEdiJL92PCPSg3duuaSK1VblGK9+R1qJSurPnRdvc=","M0cdAV8Yg9P6khIuqYbFXRhMS1jBLlaQSbhsp35U1ZA=","I6v1MvT50nXD3u9erbvy122QM7rEW9FRFjbUlfFzKhc=","NXsHe9u5b/tTQiSUyq8vaYlFAFB8FC4VgQeguksV2dU=","whVFosiuVgJSANV/dvOp4znPnj9TQcstDD7hxmFJmCU=","36+rn0mSM7BHI00qfA0WYTHsgtlM7yXoTCnO/8chE1w=","z702qUV7Sml028Qkqgjsl+pN4eAwA+bZuc/h96nmtFg=","iMNxigFr4VA6ugmMXdYsk2DjturcrqyEYF5lZAPzX10=","I1S1Fzz2zMc4ADyVwTGVAdyTjhvkl7ngQo0IWVmdmzc=","hnJKuunYZkYITEO0uJxogMXzShTcNXY4XqOb9ZF8BNI=","DFGUuF1RmTThmfAVyEunjOWeK7S+SIY7CGuDhLh55+s=","93Zp09XVFsYm1AQoPyPeCTX3H9QE3a3/a/QdzbgM8Hs=","URi9UTebeTPAf+ztaqYj5bIpO00vuPEghbV1ruIo/gQ=","W/6oPVznZYMA1t0neQEoznqlVYLLbvHfpFCDpv5enHw=","LCzF5QYsXOJIHg4XZf/RD1AKZTi8kyohPZgu8u+SucA=","qoobTNp1GXByiEW0Fo1oIl8QtNUeSQyYSxOupvxOJw0=","f43EZxb4tbCouW+f0CDWXHpQVEQkdEqUEJQkAlV1GYA=","ait2rCe3y2FCMnrLiYVP2RfKTlCTeQk0powo/5sGQbk=","Dv+AWnqMzx1dWzHU2ad9JUwF8XFsvT7OXYj2V+8q4e0=","rc7goZ2WdvwQ1XvnvjkWdKaRpi2ODlRTCYPoneSjnuE=","gJUwXX5JHuHDIDfy0Qkn+N9RnK4LRjHq69qLi0KOGM4="],"block_size":4096,"path":"html/fonts/fontawesome-webfont.svg"},{"block_hashes":["kmpEbUGzOmwhoH7hqtLfTVEbLvdh1fA2LTT5LDhSNoE=","fyGF8CqteBFq5t1niS0kE0nOAqBK8B3sr78+IqaXKH4=","c2Dl0ga4EO/O1RJVZNVA7DZ8bqx9Gpce87BjPBY0Lhg=","46EIG9UproueasdxiB6i7Qi/oLjBO93OqlL1V5Pd17Q=","on3kr+haqSemdR/lGI/3Xpf+VeigD3cH7dke9BPuzek=","M2LMAfLQbxWvJGmRCTj93+roM7P//W2Cu+Zx47DEnXw=","ituQqDakpbYtrL09M9pMZ2VW+WZ66o4I9xNkTIzNRNY=","QU6t+UGlD+nOB9r6lXAvQ5BifR9VIyy06NsWMgnIkko=","ad7qiW+fMRpjsSfP8jPyLd/XR5UfoqcE3eScEZQowmc=","qkJg1m50+Vr9HRoG+aIPUxkW0BgLPmefISFxYaof1/s=","0OeTRpmqiiGgTN2qYU8NAX+/EU0PaGHoq2z02thjPUA=","NbOyr0+5DKjhNAUpbZM4Y2BPgIm/s/WH75VjhBLq2xc=","e7HTcb5KjKyN61lsYMSA6MoChknM6bKOuymXZ12GRHo=","dR5860jUJSHJfc8LDXCNpMZNhd3JHvYbah7vMzUUEPY=","U8Muhe0D+tO3epwRGahD1hn2qVJCTVWT/O77kmQETMU=","ddxPNrsABCKCS7wz7oHn/0ORSVnJqL8elMEA/A06Vd4=","wyXnxdyFUC0C+/v82suUe3T9ASePpVVX1EgKTJ+CFrE=","C2bkN7v5/KYGd2UzXrytd7Y7UyeVkMvYtr5R5pz4TYo=","zt7Ng1phZimZux7t/O3OOmdIH1Gt5m4z985fmoJtxoQ=","5dP+jRmcJ4aB8GkYiLT9voFe4SpL+lWYkZEVRYLOYzA=","EldaJkys1jk6114ypWWeKTKcOgLzUT/GqjBzMAzKupU=","xLlVh5175KDP0pAplWciwlyqKRaPnLWTeBYPTotfkCI=","aphcQ0YbY4lvtEUpwU+6Fj1kE/no2WMinLKJbIgVFo8=","DveWcpk1xvJLLyIdOYfDrkEnsnMchJRGyWg6OMqnLg8=","dvV59RFnVZdLtCHMEJBMGN8bxqMxf9D7ALhnkTgzvFw=","26eRSb7WbkNgpZgVNgTu3Z37VpzaFCZyO10TB0vuz74=","NlLr3y+rvpujh6L5xNmSdZsxYMfmP2TIDdrCGcXF0hw=","jNYDIrA0GG1zNhrI9+D9masHzCiusKzIXVgQLHh8zkc=","v/wFr5bcPd7x6JFlR705ARIOj/DmVdtxCECuTuFYvNg=","eAOwDGNKg98MKl/WRby4HuiI2JjSD8aHLirKBLhMyA8=","/sLExoOeAZKjoQqRZ0LceAUcyRX6D9/69nw4R/6uZ30=","TgTRWruRo9w2oz4g6lQpMaSBtS4HK930vaZUoEEi170=","GsYYZRhG0xt6iJVQQvhelbnivTA2YEjUUMhTLTRfbkY=","tsnASlU7otHjUGLSEqm5xg2aZUx8j6+RTDaWiwoVyp0=","DzwjQKeL2Oow68rIIegUBcmFD2PUfxBrFV0sSN7XMqQ=","yvccoXML47/vY335RWtRtZklXcj1uknlhvyxRXcjRxQ=","GXNYpIZL8H32Yqrd1k2hNudW7ofsE4bspFxQU24N3nM=","w5HO4ZY1gBqiXezZGbKl6yEkw383hoE/Ig6S3DAdU1o=","eaO4u2i9Tk2vFKf9akSefaHgfbL74McPNyv97D5wOvk=","X2ieRihRPAbbTbN8Z8weZrEQ4fpnwbccMirsSFcYYaI=","8gSrypf9KPgnX4tY+o88/OsUTedJrEbnn+RE6IFEgBU="],"block_size":4096,"path":"html/fonts/fontawesome-webfont.ttf"},{"block_hashes":["YN9JCAZGku5VMKI06Qp2WJs+U5ucFqeAQZnVahKeKMc=","lSiY4NVHdg+QhbPZoLSmja2LCNQ5JYzIQzJRbTSTyqk=","bA+W2N0srKM32wsPt76UwSMXH9NrKo3WJ1kxzDAgbqM=","BY5+S/vWm7UMCTrCkrmVWvrmpgwlxVdw0J4V2xYR1pc=","oxFxL7Dr7LJtATaINYUFu3XwTHOycRE7cVW/gmPZ9qY=","7uwEbBu2fRkN59yrYTfy+mKINr01hjHgYDS+uI3N2lc=","1Y7OR1RauAWm9PMXMwYz+vrlH6wuhv9BduOGVWgGS+c=","w80VijoAC40LDq66NwGLLLEIHhV7EbIXirrHuhPOoGs=","bhM0LwAh4i92mKUJH8rzHRGgDmBwf9bGMA+bFZHjDD0=","LIQOlJismA9zMZ11qSOh1alRBwWwM1X6BInI6y0UX9w=","6EXhk3n0k1TXueko4rSHw8v818xfdaNMsLCUfl9P5eY=","mZyoiV2X+toY5DDEiFmbLrA+BTaH640he5/hjnQ0XWw=","qUNa0rSt8H1BDZS/A66EMdaYTmCjd1NOeSSv/gn9wBE=","wOvinoVQ780s0m0T1623JEsGoxALWDJbhXcIww/OCMg=","Av8gapx9bjebvaT5bPTBj3NigSgr3aWqi7ADEdczvkU=","hLgFxg0XbqfNL+b2CQbJtf4xF9DSdu/k8ARFylN0LXQ=","0Odx2FBmLdb535y/sVBWCxQqkEu39uCoRq+Re6LBbLM=","XuthOlpfy5MMbKcDOF5PGwR+tqpN622qc9boFqrY/to=","WTBUfNCSWBZF++5eWJXM5NDHS6q0G1Ygd6XCwVNWJyM=","eVi5j+y1U51KwbG/RT9Of+V0gvLnLlt13RDCKX3/YXc=","RlL5dOOKEtGfV/sONipUaIf/3ODGYdvIBO9h5wKsy8w=","e8vYf/8fCY3SsF07FeX7vqeVoqGLrzGAHUt1xizlZ3s=","YtbE+54FUuqRwH80VOMXJB3t1dR1MI5cNT5hsdOXcrs=","l7gH/Uv7MqUObWEkpdYT0pCuIFgZ3xfuk9Fl6Q525lU="],"block_size":4096,"path":"html/fonts/fontawesome-webfont.woff"},{"block_hashes":["1bzzS7/57IPZuivdJJgcZBu5FzHgxWqd91sfzdNdvqA=","905NYkhRCrdB6+Ou2eslidPyVBHLbYp4logf6klZl3A=","vmedNkcjT0K6POluu2jV6Hx5z2Qm45HTL6/eBqRbZVs=","ikpjj422/17tcxcs0c7fODz3r1BBecCH9sQNX2lmHtw=","E0x5cpBd1GCV4xf6h54ucOKRM79OxA9LDrkiH8F175c=","5unr3imlzybPhhjp5vymw6yEOe7fHcIIRkGmDdVV3SQ=","fu2ZQJxXJaOzBqX2PgG4uKGxVrcaguKeTnXlXNIM308=","QRqeUZfvbfWXAyx4xyhuYUQ1+TwxIZWIiszpDyMzPSQ=","CSJtMJcrBjR3vmIF7qsSeobez6nVA4vDxi48eDhBKkA=","1TSMB2vc6ypXmvtdBWOCm6Jnw4iL8RVr9C7JawH+A/Y=","mVZ3E0uj51ROLuMY/2zUYS2+GXoBH9Qy9n1U5RA8xGM=","J7j1vLV5q3ueo2OsjzOlSy72PSEsQRFznVU84z865Is=","4zO4+mgrQU/TQ9UfNpRqmAeZI21gq+fZcOaKwzyfKnw=","2vYQK2gAS4RGU9rKwDNEwWeEzm5pZ7tmOzTlnM9/Css=","Eh4vuWoieddZpwBLgKbL8iNE6s7cHtWUL2gxyoVSRd0=","KMA2uFvpq/4RcZqHlzjF7WNlyOL4/fWcJzFp7Yc/qPA=","xHsAgQsPLrcK+KqMUgOd+tovfRKptf5abC63NrF+LN4=","L8UkA1HhTQHCVcnJaKhOOtY+TDtsSo9oCPi/Am7XB+8=","FZiyLf7bloiMt49OMHw8XK7PjcSeE+iN4My7p2T3+84="],"block_size":4096,"path":"html/fonts/fontawesome-webfont.woff2"},{"block_hashes":["HPAvwkWmhWGJLOwjo5bIjjKX7eEGlugmdk7SiN9DqBc="],"block_size":4096,"path":"html/fonts/helium10/_helium10-icons.scss"},{"block_hashes":["ocQIV+bR2z1d9gJDVrFIndU+jLQNC7wBLrW4KwSgvT4=","I0RhLQnyK7NRhrlU96BMV+heTdNg5HRc/MtYclWyfoE=","jXXZNytkRXK0q/Xj0hmmeP+jj4Vnig9I9VEVUD5iauo=","RzT87RxfwXO4sT31tFQBJ3dUwfZb/n+Y6Ebf8VGpr+0=","fDPl8dxo1xpK5yAM9r9x1gsUnJwhMlltLixGgh3uhp8="],"block_size":4096,"path":"html/fonts/helium10/helium10.svg"},{"block_hashes":["V7TRliLy42ZPkCYlTGwDVJfNIPyj2FE2S2NxDbA7PMM=","YccHr4jjkW5yOwGpfSd950M6dvHu+vmTx1ddpIx9E+s="],"block_size":4096,"path":"html/fonts/helium10/helium10.ttf"},{"block_hashes":["pWUTBPGRkMBGKmTBro43YcrSudXzn+r4bEhRNGqGLII=","5BmDP/Pb5/OKD/ZYqAknfYsc+J9O8kT9u/P75s/qGoU="],"block_size":4096,"path":"html/fonts/helium10/helium10.woff"},{"block_hashes":["moF14RPrrN311gmJEytEvS0RoncTKIQ4F6LXwWwe3vs=","antvnVCtP99naQJYfbemoSXqhRM+XhrWM7d7gR+wxL0=","MQ5VRtos4CAjjckZEe9W8EUI99XkMebHqNRD+qDoV+A=","xWFRhlCg9ifUWI8c/GCeBG3p9bsEg4RyJxxelxztr2U=","qJjH5PhirQYkK9d2u9LeSm+YDFS+FwCuPs2iU/SCiI8=","POzm1ghzS3CR9ILSMSuvQwkyelN8wIksFZf8MqJmQ24=","G7mpvyUPb+riSHXand056tgntqtBmyrtvtQNlXegN7Y=","KeQf9qHmegDGO9uU7m2ffPIM+sBYB00VR99gAp1DLh8=","LIWf/xv7KEsFcGrbb2GxMReXTRCuY1QbCGuhFqKU3Ls=","QOl+RxFnDc21igxMcR6kzyyILKQAaXGVPDMGCYEkm58=","xB37UWA3WQrSyR6S7P447bZqEWSt3pbQyDAiMJ620WA=","KMMenVEHD8ronxPNiEGfbmKN1j95O+Ff4+ogRUwLAyY=","6Vchr3T0cqZQ7/Hk0HPooT4aHaWLhKU2GXORa1xC87g=","e1zyNZW65qpc63sW1CoVKNSAQ7ipTvcxDgp99iwKn70=","lMgsY2J1hCYBlOfOWDra+DJvxGOzFNrCjyiXJJgKTds=","gY2emXIPKKvZVTVSuObTg5IWTuxfc0lSl8Koc5JG2Qk=","GfgIHVFzP8/TxYM4RBj2OK3DtkOzyv2j4XYeBJjlGs4=","Sa+p79o/gZtdbqhXDrc3WaEswfJkcQoeoOxgZ/SF/ec=","leKgxkqQXQdXFruxHqpN90N4H+2MQ4d/7dKBIKw2Kqs=","CqiOyqVcCUJ/OLiTXePfy1BfdNMzK1QhvwIfonA9v5Y=","m1jwVkMDDIEmkaBxCTXFXHU30xpxNCnkbtNwHm5uE78=","Wi26Jf6Cp2//cvQnDPVEbExYlvKx53kGE7oti+8i/AE=","ZLbpsA46rU2VLTl0/3ypJ/CtgrYsMDmyXGIJsybv3Go=","vvik/5TttT41GvhGQLlpHFxd8G2gQkslOXD8wycgvZ4=","gL+lPrDCE3OotclQfClFt/uLCKcoraQjTvp+H/D/zkw=","jzbTrS3tPxHOG18F01sWuz4ZIC0HvA7WuBi9GtYQe8s=","/P+YrbxZmNo8f28TuEOM4v9i6swFrVFJkCsk1ygpV90=","kfvmS4Nz8VUE9sYd2/BktEvG6EE6wzQTPK+wRYPsWT4=","gtadoNJu37fDfUce/gI2p05eleC+/kgtV4sgaa07/Fw=","fLfoi/XfZIpV1FlLVtcjYX+fOqdcIW+cShmEx8RNZ9M=","BpuZaycAg559T9z3M1S2V3t5mgYbUn94Ebs12+N9CcY=","1TeUgEcMahMm6sBopVbcmXr87zOk4bSzs1dUCMNucUQ=","Iad3xwHB0HvHRMukmKayEBb4k3NnSlS01P9K+vp7aGk=","mCH8DjNSSBLe2L2D2GTp5ThRDSUikw3WCO+BKP5fphg=","DgdzArmzIZVI8WPNxTUjLgCJ3dwiIXZAo22ij1j7aF0="],"block_size":4096,"path":"html/fonts/material-icons/MaterialIcons-Regular.eot"},{"block_hashes":["hz4c2O0/mXGOwgZNCk18BNZqXFlTKZZMdYcxbp6doXI=","XQxzUocxNQGnuE/pnxhJr8aZYGWuN37vCtAPnD7p8cI=","QBglLG2XTUiDfnfCyftahKcGWnMZ4qOrIDN8592NQYw=","RS/LOoDtn2FgsoXAtgn1PY+qNklDWr2wGebFsxDBZF8=","O5VVGOzIWK1Wem/OZpq1LTNY7qI9F6tO9wpq8FI941s=","fErSKEX7Bu/xsm4v74t52hajxHfRImjBL3PrPtJ9oxE=","VtAIfdvblJymKbPdldbPc1oG+VMn9yY5/klgA47fXGg=","J91J2huT2oPycLZxaHeHKxQt6EG8a1K/KJZsxYa9wGg=","EUf82pwPuexq303b/176/SD01d2ErCC4IRrGgmICX0s=","tuExSUidCtP/VJRSmu8sHJ1J9shPZ/Vy2SAoiquBv1E=","Lu3GhdNAjZWSfWK+c7C1a+qhjTy5F4DscYYqoa0Pzuc=","GxyXtDd3F4oiN++xPPcRVayUimi5NUJO1RtJ5NBTNEA=","c1pZ31Qd6gA5VosjsWhuUGs6Pf6WLAkvL4kAW0LP18g=","cWbrKmkTf4p43NrkTq8zBNJ3jjGdEpHuzpvPupqqdY0=","sUfZo8zqdrEmK1r7sH8Ueqsyb1He44L+OwWkjZ6ths4=","aZDL6/O27QZtDcdzUBaA27I04+hLuoqy9bQMbli9A5M=","07jTTqGjdAUGhmWvlMW+faZnbksTHFq8heJiA9U6VkM=","+cBVu0QBGgxoP5pwGBBuEDwR56oG0N6WZhf44npr+64=","fuN8yEUoYFMhg5xhk3D6j/bqg4UGqOpl0uJaDeymPjg=","0wWfvjuIfPGSPkK6UiYcACn0UDGy26hJcwLcyQft8qM=","+YHBRsEvRP6zoL3SsGpJkEKy75vDb/sLueMcPxvMOoY=","5ihOVwtz86Ki2Ew8surXOlyFp/WxazcFfz9yYOUQ8Ms=","mxu+PzHo9sEN8/4Elh7A4THc0Oq1PCIihgxuly9WXPE=","Gl3MPmbwNxARmm/Ax65oVp0DQ5Dyvsv9XFS0Dn7SE/w=","MmWGW/OAgEDzKAZvexxyDwFFt1zPcKEMXgdSDvzHnNI=","SJRakm3dSsGFwgxNONqvVo8os2hpDIVFOYRXd0irhYw=","fqxC3KS+4uJIiZlNtGwHXeU963LLxyYTRBEI9Vi1IVM=","Qn3cIN/974/Xeh9BvIZ5kYVeHwimsgJ1AJYMn4qFp4c=","7zz1o1JWZoXWNyyT9LG9AR32gT3Vn6QB8qjvjvZiR+Y=","DbdCHYXk7kd2BnITeyO/QhHW1lvYilA2UIYkBAliNAQ=","H1PSYej7BdOUX6lIN6yvqiw4XCq7AgRNsn1xfpnJU38=","o+eXLoirpIRSPurKJKJU0fqoVdYEEgDA03jiosXzflo="],"block_size":4096,"path":"html/fonts/material-icons/MaterialIcons-Regular.ttf"},{"block_hashes":["BU8+QdK5Y8VcRFiwW1tnROCVBfGQZ46XT8sEsiDPMs0=","T2+eDFZ24ftM4ozxck926euhGMfhwhoTvPp2tGyzEWI=","4mSV/metSqWW3sWOdNJa0ockTN+PE9lAWWibNDhWsMI=","7LEn/qfs/W/xQNiYJMehMMrfqkkizRNSLc7Yoiv9/7g=","enHA83x+doKU+iCfP77j/pKqQx+TxwIWutVEd3V0rrw=","gJV7Dstsie0OeyX9fA/LoEFOv+ywYX3kKHO2layXa08=","2vgUJZ60+A/qc6c1oUNTIla73i8o4Ss6qpdKfWEtJY0=","3G+JFKPUPflqRmv22O1vjN7Lh3cHgB9RmDcXK6mQr4k=","h6ntaCcA65z860INb5EDPb3UMUnjylcHbYzGKy/yZ4Y=","PJOS+i8/kMPMDcL7OByXg0nsAY2ic8HTxEqKar3xkqA=","rzJpdjn+shM1X/kk/bgC8cPTwKtqSdNPsZBj6ilME5k=","ZlIYvYD4kG+yCUuFNL7F7s+xiQhB9l9nb2h+VkwAy+Q=","rB4aukoJe4q9NQE2jhLS6FJgWyH+VGAdQ35W0A72F0I=","c9S6Uw9VvC38qgtsLRZZEItIZ5XKiUayL6GTTThA7ds=","QV0lDzz4cz8tlkwYvjT7alJWQtqfWu8G3FNH4foQ/1E="],"block_size":4096,"path":"html/fonts/material-icons/MaterialIcons-Regular.woff"},{"block_hashes":["CVwcZeCdBLev/zO3zG3N7jSSRVgNj1S0W5eK6H0vJk0=","9l9m+E5fzUp47z3InWIQXKbz688oNThx7viv66CidRo=","IWq0O1k/OMMet3iMSTe0zIZONP9dsxI62yyAnwi1KeY=","IjdrPhWAZ8VQMor7UA/REGvSpB5/NGdQSf/RKptOPJY=","Qs4HVY6+70QWD6PmMhml01zGwPMu3kGFK4ETT5B7gTI=","u832D5gY6FHxe+Op52n6RKsA4TswUjxJbN3vNLxARdo=","0/aSqpfrcGKx+hYGqOU4D6b3bgI6LP9B4KcbMwQzTR0=","QZMryEMMlptY07EkyFiJO5101Aua3qUZrat8yz9q2is=","SVdp4/OvEkQtK1GZlfo+SMmGdli5d+ZvCCndJPi5mtM=","TdKLTZ0AbdtNNi7H1+ck47l07Iz1zLQAEm/cBcef6Tg=","LpHa2hw5P3Wg8rFuqJAUJQvGnebBdoeViEia/o7z72A="],"block_size":4096,"path":"html/fonts/material-icons/MaterialIcons-Regular.woff2"},{"block_hashes":["jF9NXFp8GssUTEe21uirQwtqtPcb6ZlWBRvARHgQQ+4=","Ek7gI9By1MDghaFYxFv5EounhA3iRx0MH8vwqg5eykQ=","1rEPG6kbCRmC5iY4fafQevOIST0o4HvoS1EwrV8mpHU=","tqd9ZsETJZqvrcAyiDJ8geFukJLD9+Z5WC/1o/hBHH0=","73WZGWLYZfdw1zGkILrHNGohuKOyVZExPDGqcXqhbOs="],"block_size":4096,"path":"html/fonts/nunito-sans/nunito-sans-v5-latin-300.woff2"},{"block_hashes":["BtWLs0jjW9fNArI6/oyRYg9uxlczYfvPy7Sur2P0Vbk=","h4/fOxWRJpVWjM6/tPK/DTQFU5M0lBLjXmce+KRS3Ns=","npVY1AqHoCHWSfNjJdEt0cwPBrbWsztyLc4AuV6xp3o=","2GHev3qNK6Q36XgGNzH7bRmS7/XTduB4yMXQGL3GWPE=","m0Nvi9zkObNiFbdfYmTSTjR3c0spzJLo7IZ9LHQMecQ="],"block_size":4096,"path":"html/fonts/nunito-sans/nunito-sans-v5-latin-600.woff2"},{"block_hashes":["RpK2LvfZNKgHvmZQM3pZ5Xh2jk83d3dJnkqTLJIN02c=","ULaoCUyWOubyMNttgyJyLy3IJI17SaaEfJfmgSEDcxo=","wKKjkIm4ysu/CcchCNAuMNA+wbdNYgP4HFpOQ4360YI=","ZONAG5FuPyioGoNVL8r7Q1LyKOz5aLTTH4e6DBz6wdY=","Vjy3En1cYpNpSmMT7BswqYgBWfvwkdft081vXF2TFC0="],"block_size":4096,"path":"html/fonts/nunito-sans/nunito-sans-v5-latin-700.woff2"},{"block_hashes":["z4ISbtiOWux9gdT0fd5YHw8dGzlPr1eMvS6jGOqF4Lo=","wG0BMQJt1p31KvVAcUtdpTXRL/gmYlqU31o3N96TkGQ=","IPnxrXZ7/dAw4fPmIRetoq9nI/64aWlEIfCAz9b8pnI=","rseGUkVBxlFsAtNvecLsN4z5eX5fopJPKocfKE0+WkI=","d9lCoUok6pxzXmoYLgcymc8Aw69jLFbtCO9//CqvEi4="],"block_size":4096,"path":"html/fonts/nunito-sans/nunito-sans-v5-latin-regular.woff2"},{"block_hashes":["Qw5+eKmC/soMBEfjx8efoAxmaWPGmSoYdbcyfryaxDY=","niTLH0r9sA3L5UAckxou09ILzV8m2Y9+lu/skk0Mfs4=","lSMloz41CTnO73jOQl82+kQj/FAvtUgQBRLCU+HchXY=","pJh6IHQjyT68uaG5vAeBgV/phv6eQmg8LdGbA2HfjDg=","+DhKCDYh2aDnH1j38OPl3WoSejyvY8azXyH9thKsb0M="],"block_size":4096,"path":"html/fonts/open-sans/open-sans-v17-latin-300.woff"},{"block_hashes":["eEZyOGDdSzaAflMa7XvzjmhzF0SNQlsyjnvkpAoEJYQ=","V0GHm/s/P1UwfRyi2ULpNu2ru4I9cWxU0HKjx6pkcyk=","8NTft+k+XXUdKcHY7DoVF0rLR1TlkcHR4JHzLwpqidk=","HV13SnG2/ZhPCwzbI2mMDt3TSLzO4slrILtjTx8IjLw="],"block_size":4096,"path":"html/fonts/open-sans/open-sans-v17-latin-300.woff2"},{"block_hashes":["I4W5aEvFKvfo01bJ00nA85sklHUM+Qun6oCf8gzQDgo=","IAInNwgyQymcRfy2JYjYRqMGG7fYs+zSiDV0lQL9jjg=","3Vn/N4yCmNM/arbR/Ncoz500OdZQ03P4srzkZzI/NkQ=","ioISf2fbzdziZTv6l7lTmzD/8+Th25KB98Ip5Lpvnd8=","B8NoJwTEk3F7ly35Zrtc9FBlIy3kfInK/rxZySFBJbA="],"block_size":4096,"path":"html/fonts/open-sans/open-sans-v17-latin-600.woff"},{"block_hashes":["3bsOvGxtBwcdSWBtkAAQ1Ji1maGcUGcM5Md4clZga9g=","pRDJ544F0Km5gFcPRScMfaoRCWEY1xwaQAf9y3JrfWs=","I68JycoZL5PA7j/+QY6tNMbIXdjpu7FvPIhubfGkLBE=","smB0HzdzZqmvnc5YNeky8LFlf2DouYoDYbOXbzKHwKA="],"block_size":4096,"path":"html/fonts/open-sans/open-sans-v17-latin-600.woff2"},{"block_hashes":["GPLkRG4jMQQ/Y2AVF0RMYfCn6qrPYlpLDHoPH/7Aaiw=","kdV0zuiM8cnYBJo5vTieT5yyiMRhXxtBclJP4W8IgIE=","SNX6aHnbBoEeXpE1fDiHx6jwo35SRUBJeBhfu2+wM50=","J/cqc81Nx02cnqezuPJAg/uz55PuvGkKqA4BPQCMm0Y=","CRpk9tS762Wd/gfnwmTxlFXYnWZiRE0/dKtfUxDLKrg="],"block_size":4096,"path":"html/fonts/open-sans/open-sans-v17-latin-700.woff"},{"block_hashes":["z5yR+17r7k0KyYKVFqNA1kciA5ATRoOza6nts2KeOh4=","58greLAgQdXxXKXg3rYsEPtJIPIJeVCShoEvjvn6mis=","vsoeocr1BxKOJ2eRfGG4XsBrBhY5iFosDQptzm9KE5U=","ndBeoWCmZvVePqVlFXUijVZJfDCY/uqjOQfLs15VvtE="],"block_size":4096,"path":"html/fonts/open-sans/open-sans-v17-latin-700.woff2"},{"block_hashes":["1MhlpQCFJ11NMdaVwwF75ABii7YISSN4kGd7I3lze4c=","vtf65hS2V0uwrZU1Om9sWLOb33IbrH95yxKs3IOGYS4=","6QyELCMrGNcyL4zQxmERERpwthFoiTue9GOdD6xPG+8=","EmpXCgCFWvHsOuFs5J2MK1hRVgzWwkNtutz+uknJ4ng=","5jMesOgdt/VM5cRLBfYOI3GlX3xuNPcVMBdcrl1pb28="],"block_size":4096,"path":"html/fonts/open-sans/open-sans-v17-latin-regular.woff"},{"block_hashes":["j+QXZK2DDXQCjSZCNsCGYudeQem3JQDSRINaJO3kyP8=","RtXxWKX4PlhjGDrQu38hIWob4mPFmHk3eFVEb1Ijh90=","siqpjLB+IFaIJwGGsgj1FuyYgc5ubAnxkBGRBGvFtFI=","fgsr71hTaVbs8AtpQ2iZpXmmmi1w1rqbLD1reCKelbY="],"block_size":4096,"path":"html/fonts/open-sans/open-sans-v17-latin-regular.woff2"},{"block_hashes":["WHEsKlVqj59n73R4JLR17YTqU8tm/elCz03EHyCFOus="],"block_size":4096,"path":"html/fonts/raty.eot"},{"block_hashes":["kg6pTCS8MLKcRKuHWhYL85LMlFbOgA7dVSQDU/VHQ6g="],"block_size":4096,"path":"html/fonts/raty.svg"},{"block_hashes":["+u6c4RaDPz/QqCj0Xa2a5+8ioo6j4UzNvfSha9OoK1s="],"block_size":4096,"path":"html/fonts/raty.ttf"},{"block_hashes":["znm+4VyHlbt77hWRMTGDCLQyEz9CaPJTHrnyeQyVvaU="],"block_size":4096,"path":"html/fonts/raty.woff"},{"block_hashes":["AGPVOWqlUpzDeKhpTBkebwzNqBmPr6PCEF9gETFMRGo=","YV4Yk42xVQpMlFVYMFDCY3VLkiJodGNdjqIp2oFFIwo=","6TrPxz19kQ86MLshu7xf2UkrAgkaCkExroPnyLjjLw4=","gxA5+SEKNXKV5g5DCw6Aua5Sn1F36+boJDS4EthHdS8="],"block_size":4096,"path":"html/fonts/titillium-web/titillium-web-v8-latin-600.woff2"},{"block_hashes":["ZrNHE84vUNaBlWV0k2HMlnTbgMqePLZIY1kQdu3EWj8="],"block_size":4096,"path":"html/images/arrow3.png"},{"block_hashes":["ZgxA3ylA3nEPrfH/oyowTTunUC57gsSxiE2rSdK8EGQ="],"block_size":4096,"path":"html/images/arrow4.png"},{"block_hashes":["m3eNGWq25TGhEf3RlwdzzMl2adAXWTYfv5TqGo4/oT0="],"block_size":4096,"path":"html/images/cancel-off.png"},{"block_hashes":["EfFGQvP51XXaiVVbdcavkB/i1cZ5GqDMVxsGTf1qpmM="],"block_size":4096,"path":"html/images/cancel-on.png"},{"block_hashes":["bU/sV0TJViqf8rvDdiNgZ5PGXNzi2WeGQNrfOAv9MN8="],"block_size":4096,"path":"html/images/close.png"},{"block_hashes":["BlslIcWfn6fBvfJ/1cOPiRedrt3AFKxGAzTWjJmRxCk="],"block_size":4096,"path":"html/images/icons/bar-chart.svg"},{"block_hashes":["hnuq27VK6DOsIpHyFc0heAjulEzE0yLKEkZuD8vqgxk="],"block_size":4096,"path":"html/images/icons/cerebro-icon-blue.svg"},{"block_hashes":["R45+cnq1TURGhTlnLmnhtN8L3wvUsV71NHh72VJ0I2U="],"block_size":4096,"path":"html/images/icons/cerebro-icon.svg"},{"block_hashes":["8t7YbhJTpibFPi03MhDsXKNguO4/C0MQXWxed+MjOlM="],"block_size":4096,"path":"html/images/icons/check-solid-grey.svg"},{"block_hashes":["QcOYEzAP1MofnPCDmljqFp1bLSnDCbftEqVSdzbv6uk="],"block_size":4096,"path":"html/images/icons/check-solid.svg"},{"block_hashes":["9GNqESVcTJ/33EzhdTXXqhgM1ujpA/VUKWmHUqcAHMQ="],"block_size":4096,"path":"html/images/icons/lock.svg"},{"block_hashes":["3NN01OZe4X8WNQbdzeNpoMxoCnOSiU2y/zvMswheJwI="],"block_size":4096,"path":"html/images/icons/scribbles-icon.svg"},{"block_hashes":["z8Kf8QqkC0o59tIq3YTOydMakcsXh7EMnTFzLZxdVLQ="],"block_size":4096,"path":"html/images/icons/stock-icon.svg"},{"block_hashes":["Td63KGYeR+W3i17QHjRhk4/jDQ0iSLkRVQ7QiQAKqOE="],"block_size":4096,"path":"html/images/icons/warning-icon.svg"},{"block_hashes":["baGu+3E4jnTqZOLKU/feOs3fPtpD0FMI/p1OxIsFGuU="],"block_size":4096,"path":"html/images/icons/window-restore.svg"},{"block_hashes":["qZr1HOZxuk1jdWAuajf2Dh3gKyYmt6ezWBYoM3h0MVw="],"block_size":4096,"path":"html/images/icons/xray-icon.svg"},{"block_hashes":["IIRhmx4id+8AkEfrbVbR0PVWzNT+9vzmFSqXI9hLmdU="],"block_size":4096,"path":"html/images/icons/xray.svg"},{"block_hashes":["sSNloMmvH9vIp/mZpjWqAQXHopez1wI9n8/JW39mORs="],"block_size":4096,"path":"html/images/logo-light.svg"},{"block_hashes":["9uojRWr1Q1HPbghCslrRvWKSZzkDHQ+y4SoRQaMw4RU="],"block_size":4096,"path":"html/images/logo-minimal.svg"},{"block_hashes":["OJ9dRxz/19qkbeu39L88fep108W/MslJNcCpeZlmQRY=","emC3reA87EWASl2UyGHWS+XNop60MwhyKx0K3Ug4dZQ=","cUaWRh+Cgn6esFoc4/4J/349t/kL8ygyO8+GM1d5lOY="],"block_size":4096,"path":"html/images/logo-transporent.png"},{"block_hashes":["uVRCKPhIxqOZyc9UlnRePbYrETQyI/8elkN4UOEzwQg="],"block_size":4096,"path":"html/images/logo.svg"},{"block_hashes":["QA8/YD4qYcmC4CyyLExIum/2eQQMbKJHYVJfdZX6DIs=","6FJqaBNdi1O3n8+bPdM7POwxWoV4GtNjZOVhaDk6bgw="],"block_size":4096,"path":"html/images/spinner32.gif"},{"block_hashes":["/pcKrsH/dTpAs+wHBE3hxlJQ+n4G9juzxCDMaSTCpR0="],"block_size":4096,"path":"html/images/star-half.png"},{"block_hashes":["T8OKboSi0bYVZI0Y04rdFwCXQzAEmElI8a3g1p+WA5M="],"block_size":4096,"path":"html/images/star-off.png"},{"block_hashes":["V/y5wSaiuFCSsp/68VZdidunez+YeYQ4BmTbjS0kn0U="],"block_size":4096,"path":"html/images/star-on.png"},{"block_hashes":["pi8YW0hmoO3FHkWNYvN98rcAxp4V2u8ro4H8/rBtPrQ="],"block_size":4096,"path":"html/images/svg/close.svg"},{"block_hashes":["uwUk/ZWtBM3uamavb805cZfvIRNjJ4Poer+fjvTF1zg="],"block_size":4096,"path":"html/images/svg/export.svg"},{"block_hashes":["ATE5t6vD5qnsmIgai9Bk/iMuJK5ssI9WFugWufw385Q="],"block_size":4096,"path":"html/images/svg/refresh.svg"},{"block_hashes":["ADwmLGtMEeB/CIXVUWEs42P644Fnu7y+bUFFm+7br4I="],"block_size":4096,"path":"html/images/svg/screen.svg"},{"block_hashes":["JS80ZU/kxutY7F2rHE85Hbr81Jn+eCzmXEc9PmcK5bg="],"block_size":4096,"path":"html/images/svg/setting.svg"},{"block_hashes":["XyDfvgCRLCfxWD7oQe/2LY9UcO9brEVpvbT3xsK+zNk="],"block_size":4096,"path":"html/images/svg/sp.svg"},{"block_hashes":["aQkPmMW5G8tYGIOxsc1eG+t/Lo70lnXoUw2npBhVG0w="],"block_size":4096,"path":"icon/dev/128x128.png"},{"block_hashes":["z0F4j2Ku1bctdlW6Oh9PVJYCRs2k8ZKhXWiCkVgl0Ac="],"block_size":4096,"path":"icon/dev/16x16-off.png"},{"block_hashes":["DndgqnqhsKOchSjzTev5jDkvlDcI7WpAJLg5lzLgsmQ="],"block_size":4096,"path":"icon/dev/16x16.png"},{"block_hashes":["2zPUSpgieRnIdT7DXlBtc48eK2xqmtBdbcuLXFrAD4o="],"block_size":4096,"path":"icon/dev/32x32.png"},{"block_hashes":["rgZCkhz4O+XJOYpeygr/Ij7p3pvw6frmLQUcKpVI15k="],"block_size":4096,"path":"icon/dev/48x48.png"},{"block_hashes":["LjNMavQbdyVjaRpr1O/i65mgJgVn4FlZ8rI35bj8MbY=","I7jBCqMPY8+plJkUHaMS4ViqMIIsjbTJfC5Bq0RBgIw=","u472L0KkhQzw97n3DLlpYKjz5LonDVS6fJ43q8FQEMs=","V/f9jziW71OTLhjlMEhyuDb/VYS+rrYtFRl+eARiGxs=","KS562xXfxz1CNI2qbPfBQ2gf8Cu1DyfxrTg2rj1D5WM=","axRMXs0nMZcIeFZoKkmoFAPqyE42HCCw/G+SYfGj6zg=","2JLxh9x/yIZ3/BYCvdwPrN2rnXg349WgAJPnDjN1nOg=","NBPfhsNwCgu9utP5JMQL10IBKufDqQEu3mVFwBIDgLg=","DpSEyhIhhmg/xmmxqjzln1ULqs90Ziz/RPhMujI9HxY=","zX6bCwPehMLAbJV+FH/Hopk/V8me9/JVYQQtb0UzR1M=","UrROmXNDvmNqt/N5PbjdSAwLe/e4XNXXS9KOvuq+8mM=","/47PMUqMcLq3/E0wUU6z30ETDxe9ZpcK58kT4r95Q1A=","DaPIOvGSjy0yo0vyO91Ch/VBzpX4WthewUGF1igNrIw=","gbp0qQ2Hi6106+HaSCydilPs2pZ8YFuWLKT7XpPVrs4=","5Ezx20Xp3YqGo9Ejg9eYg1dMFBeZBXGmGYJXUKkd9HY=","hmPjxHxBzDP/IDfqrjG0JTfElZ/cP4u8fis2B8B4Jpo=","NaA64kwySBaIV3eShQ9AT0WztFJcj4acyabSZa+rTG4=","l9OSrTfCy7tqo7v4Wf5RvulAquIK3JN/m7Bq5XyA0I0=","Gw/RxhhE35pD6z+9Rir3EzZqlBG5E4nFyGrt+0/8DJ0=","l+wcDDnqIB3yPB69wntZNfEUMptEcQ7TYRg6ZHx2ARw=","HonyJm1m1CwZbQgyw2uqR7L4g7tBjX48JO9cohf2Ei8="],"block_size":4096,"path":"jquery.min.js"},{"block_hashes":["DjUNJb8gFg0er6ku4FHAMTto5rSPaWD6qDzOxr0APkY=","jltz+U+6MedFyFPylyRLcU+HZ78rRpAEbPovpjCm4Zw=","3fUH1laqRyVj6XhqFDcm/C1tUbNN6lIabunSZYJYI9c=","Zk9yAf3oS8hqmxZ/Kh5sP3TMQtqs0aFJj1IX3OEOnpA=","+Xdd++FEnbme5g9xlzSFSG9iw/SHJxdWCwKYOCon9TI=","BV0FPR7m0cZna859W7T2yZubyffcd2t05RPxXsI6sCw=","13SWZWawbHhVTcC25Ey6BI+vNkc5CHAhGYfgqjac1G8=","wkqhH/yLzBQtqv3OD+I1gpMr5cm55PLP0D1clMqajyM=","lnoJdw420DILiAwiM41tbrmhPo1F5lp+Q4mS2ilMS34=","9vdXajgYJIKZBf9CPfeJTbIg6QxPGRWU9ZQCd70g4HY=","c8Ex4LSFBKXNvdF3QU9tdndLF+wcN+xjQa43gs21iyA=","NMWbuPoqxUOC2FEhv/7ASbXVoHzpPfDBIGz+czVLY50=","ka/pU/Skj7bg2miqMtbRZrdkn/eON9sEm/vl7wnYEOc=","IcDgfx1gyBVEuyca6CWOmws8kaXjaLjrSXzTfkhbX0g=","KFgr99QJCbSx3Afil3AtCY6PMW+wsESIrnH5fy2djS0=","7UmazBCdxLwy3rA0RA4ZryCIMKVNf4wqi7RRdRjbGdk=","mOoDQUgR2HQ0uTEjRpI9Oebi9Bq6qFWUuDrwBD2dWls=","sUN0SmhO3SEeI8PViVdjUcX6wVdPhKoDh5bVwtvDgjg=","mRFBs17KxiImC+BTByS5hSFgeGd2bXIYm3MBJBcmEmY=","uqwa6TSNX7yAmpkllJl02hpnClpjGHVdIo2L/CPlhmw=","OyiMmHHG+n/XP99aakzWVCue/R6c4EZgATcYU7Xu2ns=","AzZ4qZEbm+Cxg0QwQSKNooj1ml07eInEIpa80MH3Ing=","6XkEzYDPGGhNzGVYCi4dqy3bx5RYYoKbn5uPvixRsIM=","ooo1ZwGNF6laVrJmfIWfWPmiD7NEwiPx651oQelUq3I=","MQmNw6uGyZUswkayVWbxF3owsmxcKkzm/qPDbzNoCnc=","JfqxVhPmCnaFikr3OSpguhil9fpbkdzreHgRMuJ/S7Q=","W4zEPHsXNGpQ8HWfBmbLz443szH8bwSDLLWyYPTaNUY=","Fz+anDlPi50Ywx0QvSkeawamhPKtzjqpXl6CAtqjwKE=","ItTh0S24zSHqywW0IVFP0VYNE2lRFBKYS+ox9/ohwpY="],"block_size":4096,"path":"materialize.min.css"},{"block_hashes":["b9rCIvHsQ8ylbq/7zDTLD5jKbRE7XQ9RVqe/s4GqasQ=","r8VAqTpKITT8+ORf7CPqfRIU+0iPdFaLfczB1U4vAbw=","Ohqmte909mDrL3QXMcMhC6oNdZHJWyVO/cQ/WbbGbVI=","rTk9Q7rtxbsaRJjFklHXaHK9Edk88dwL8UOmUteDRcQ=","GhI4BAa0/pKTFD5QxdCRbsWx8dGzvy0+WOUJCuchogY=","bnGM6BOe12CxfLYxpJ4AUz8OhulOSIae/kr06LeW7Dg=","DGP2rF/y9X+kkDELSrwN+Rr9N8k4asL8Wa2qgPAn7sI=","qwqSNkNiaXNmhXU7Dwsq0Hlcctg4ESlxXsS98UoIGaA=","u3FFCAJNASIENmdV3kTWDpKYM0Di6sUqMAde3tAmDso=","bgJ43qU522Lp8jnNoudg5z+ldCrxMlGNitmoGBq8h9I=","GlYhHbE6NSdM0JWr5Zup0UZMIt9KYU07r0yrPzEWNXQ=","lw49A0WNrbyPQFikmJNNdio+LipKGSlnvtZHucuacIM=","OUhGtvcwtsvdFkA2To5FvPbsA3OiT6OZahntAal2jDc=","FwDJWnlSGiurclh0gk+q8qma8XL/ViLp8yUCxbIJ8I8=","3O6ZxJMl8UQP4ct1/yAKGUt9iwu8JNz+WJAvWsT6IPk=","xYlFMzylE+6yYjCK0KoFEm9EXVlSnoI2dGqqKugMrBw=","+QfA/JEEuH0GPmSl1cRm55elQd39o3OkO14K2w3fvP4=","9q5tys3P3SeMnR8A+NKOAeMtI7XQt05TIXLKj/Auxi4=","V22tCzd8erdwyxKneE1baBd7iEYwdVNkuiDCWiHgdbs=","O+Kw1UpZjK6rXlKZIqxbmpTX8j88WqtMQ5LMESQbosA=","N6embGVlT9hfvByq75ikGmmB/Sx3vgCOTInc52QMRRY=","dmI8rOJ2GLf0tekj8fOkGen9mXZRZQtkbvYCgpY4sP8=","a0h/uq0sn2NwdUVBansOw60coCUvUGsGb2q+ImG6TUs=","h5y1kJn5l6VzSY4RHwOOnrAtoal9f3OxUB/2UqXVjQ8=","WrGu0O6hNiReffSq/9/IY5cTw3tWoVfvNFMydmptT14=","2ckHy2dqQsIMx5X/dnonyzpTaIhfD71sKzkR1WoxMI4=","wJoU6mmWY4cgOp+3FxX6UE4sUfaSFPQZ2dL9pgBCkrM=","W+Z/Fo5OY7RAy1asPGBhwLJ7tDLQuRVhIKlZZH3YRIc=","KmeJ2menBo6UCcvUkteo1+8L8KjeEaGQmO1XzvrXexw=","8jPeTxBRISIix+AIrcD7XDIZJHBmOZ4v2PkmnoCYEUI=","2xARje9OIcd0BsH4uTkOSZR7VENFF6rXKmRFGpStvpU=","GzjypA0wiNVqQRQAHZ94EaSsG+LFw5+EzKKLWU+bRR8=","d5CxD6saT3Db4UniBagIghZjUCYYMDga8HIEX6EErw4=","7u3zIdmUYMBlXo+Zr9hyq2cCpIXXsNSryjZh+DLmZw8=","ECFZh1OqiNqI8OOIfgu8Lc2lA+VGCKW5oDdVqKdXaCI=","ATHomdQ2H7htN/RMQsf0P+wmCdBfeOgZRKN5jk9/WJQ="],"block_size":4096,"path":"materialize.min.js"},{"block_hashes":["NAVMeO3IyHuqaPpk9HqGImQfzArNMiRrxZJJAGFPrlM="],"block_size":4096,"path":"options.css"},{"block_hashes":["H0ikIE3k6ivoJYph5BuX+yjptkc7pvEyDUNUimvAw1A="],"block_size":4096,"path":"options.html"},{"block_hashes":["E5oL0xK+iwB2R6zJ5+bjVlUYuEyzeCokIzw+zArl9ys=","ArNLTOSRD8ge6kaF43HeQ33pCNQc3luCIGZiryNwM60="],"block_size":4096,"path":"options.js"},{"block_hashes":["CZcdKvVWxwm2nnIuchvJcKiav9A8/us+lxiqs1nO7So=","s7F/sAukanOowPqlyq56Z+M/jvjrfikhmbdKx4P9HjI=","lYV/32E52lYDEZePc6gSfuI2YlBeXPrGgDsTX5HHZmE=","MxYeTvQ/fetJ60SojVyGK0loJgTu9VrmoKRh+j3pcFI="],"block_size":4096,"path":"popup.css"},{"block_hashes":["C7g1FvKMa+GoULHCP+opTtrjgnNBVJDbO2HLJ6fDQ+A="],"block_size":4096,"path":"popup.html"},{"block_hashes":["LqGuOcOCjEkm2oaiwI9S/VHAHGjviXc/wq1IthaJcqw=","AgLp070I1+HCknmxuNGwKvEwGQkTgqInHFP8wdPkd00=","Qv8cNTfXAovBBh+Wq2k6JVRBblhSlr9QAMFo+ZdLwe0=","GsUXybsw+JPFTVb6nmjPDXgpAWQmtp5g3gc1I2f/I8k=","2fG3uEyty6ue1ypAZhMiZsvlcJ9b9k8vJD5APtTanGM=","pCJKZi+mHKvi5LcYeCIfguN31j2D4amCwuCTIUdxdOA="],"block_size":4096,"path":"popup.js"},{"block_hashes":["/NLn+ELavJCqDgLEdTdUxdw61s4m04hlV650YcmNRjM="],"block_size":4096,"path":"review-downloader.js"},{"block_hashes":["WBoRJiRxdGOL6SyiMmlPWy4y7iV5bz/wwosd2TlblG8=","VCRRyXy/a8ILIwbcQwx/BXASvQtO2GzoV+de3alZVhk="],"block_size":4096,"path":"reviews.css"},{"block_hashes":["Cg1FmOr/8Z4ey3dAGXXB3tBVy9QTAEeMNwz4D7wCGPw="],"block_size":4096,"path":"reviews.html"},{"block_hashes":["xQd8o1EQpZzn/q/xaZW07/PRMj9CIpRTapCyyHFRDYY=","9+LmC6lsLdKy7rVM7Ik6E+nlDF9GLP8idUKdWWwGSYE=","/huSFtaF4g9mxI5d9ey/VhqCp0jemzuQ95YIWo1HnWg=","LoVD2FBLsuHKhGxvkP43x6O1lpbXbZrHEEclFWVNLjA=","DS9khfi/569sKh4ZGjyW1sg0uJbyqSQWKRtklqsI/Y0=","pFD3G3j0uietTyaNToEljNFrHfx7XujdvmSBR7P1vf0="],"block_size":4096,"path":"reviews.js"},{"block_hashes":["L6zwgK1AUFOCL+6bWyQvUzNvUOJ8ws+OWgxeX+QXYLA="],"block_size":4096,"path":"screenshot.css"},{"block_hashes":["2d/+Gfr07/VR0Yx7ujBxIiQJhPWaLQhUhbEJ4F3Nhng="],"block_size":4096,"path":"screenshot.html"},{"block_hashes":["gr83XIgdC+FVD8sIRLD/ugtc8waBUAq7y4axZEORUss="],"block_size":4096,"path":"screenshot.js"},{"block_hashes":["We3Vn8ETqFSv0yOKz2Rt699hxM+a31IiNbMfGgNinhU=","2zYPUe+NjjMZR45yJsuYIaXsSLTJ/YedA05NxjCtB+o=","jE/gtaicC69utvpc/ROezE7Pa9eghtyYP5kVTwdvW+s=","5fVN+2GhT0ItkaMDcgj4yH8cqS7DBMZrKnmiMVkIG/s=","ifxC8gLQ2BLC80Ff/pdQ63Bupw+C+PcLMpBEvHPCigw=","zTroWBd/AnTyLOJ0VT3xaazauuNy/GteuAbOS42btDE=","/AXMVl1VJ4e7Cj8NlGziBTcOu6cM2tJLyphhjeOiTBk=","nQwauGAUp8/+wZDrTPyEXZcG/5jSTiHSk9XMyPluRz4=","qfMJyJ659pXLYhNWgdsM35azijjrLUTrkt1XzHRK7L4=","O18F0YAAqvhmpXyVWeBBiFCPRBED4BvIdJi/TAah+cg=","/OQEDMbCTDSs0HFnSzmV67LteTQdZ6Xpsw6uCdpU470=","+jbLD8bmspzwm81zAH+NvV5vN9fp0Nnt9faMarqe5og=","VyQK93zbaSd+iQw30W6CrVsVQoD/+qzjM9lQRQhGVRM=","K+ry0Icecnd7ri+apJmAqRPotMApn9nVHnoLrCYl4oE=","AYWI0R8xYGE2Kimatxixe+3ae3ixaGvV52PLkSph+OQ=","LjXxc7d3ypaAmDKPrLVryHhIIWUSyba7TfoDFEBsotI=","UqYmDh3Nf30PleLWIyZQCa1QIt+FaaqFoXk7XvrGXvc=","EWDrFrm/4VUUbDFXMnCvLfvJctQFMx0kHSNfqrgcpbo=","MhaExY/GOle8Ii7HtFRZqPUxT+h5BEunifD8DYxAlq4=","JaVmyQOA+jq7b4Yn5XmWloP6WtzBh8ASAkQQrq7ubGc=","2ymARL2LKJohfI0guNZvLN9Z/uDUBj3ZNmV+WO8q+Fw=","I7fvb/lbfSWxTMQ26LWho8yHc/bXstY+tP6CUEqavZM=","beHTuB+xJL7E8PbIrWNqkFUmkDECNbXgT5Wbx77HqKI=","vogmpy5/3mDNFm6bv5nEmT9uRA0hqIVilRpz7m4AROc=","6vVvhyeENKnvkr813Gajag7Y/ng5p3w2ypqt5w6Ndkg=","O5yc2q6hXHt51O5LwOltxah9EdT9qp7AIprKjZRVvTI=","qkKUPmrKc7okrfiyLDxtPWBfIWC/UGUKm8NARKuUvHU=","s2GfG5fcggxjZPneAscNyd081/fA0P/tfK7MaXws9Kk=","LijU85ryJ0HKFv72RGMvRUSh2lqq2d1qAh4RXcXYSb4=","2ULGPlmuFGsPRziZ9jXROKilcCP4iumPHn7x6HHoPaI=","gld77H6iaCpgQC0KjJ9QIsDJSSgXDmXDBWEizbcr8SU=","7kTUr8k79p3ha9bl1RJ5PLEDnwaz3Dfq17emTbRwhYU=","HkhftupyvMuW57JNbD75Q0LgQahfOj3tM/IjD9K2jYI=","/K4rZFhpUaUlxh60vlQBa9k6jLoVNpLNxw8nYLgiNNo=","i+o+mL4dc2tuHMan99jDg7RWvaCEdAtO3Mchv/8wrUg=","1WZipdIvtUZ1P3cNqo7bM6a52B/dcANBW7rN6DZ/Ziw=","qmrWZEfDyyhNCoKvmuJNd0ZU8Jn5DKSTS9Ym11SG0No=","9aeerFbQ+8322S/TWVzk3KNdlN8aaQ59UxMcVqG1wLg=","C06k9qW3SLhTk0oOWksbNs6Y8WpZK5bRtAZiOojKgsY=","+OcVDF7fRGg9cYjM/mqXS92VJcWlcR/nFnFZ6rSpQTU=","Lva+FTM5gT1tMnZIUYbXfdm29trJmm6twmBpQIhiRYk=","5ixCdFxdHnivEYtjqKss/mzzU4BpIzF1lTq25XFdx0w=","VazANDfewZjVOdWCs6NNYLYBxo4rpbJDsR6LF99FigY=","so8cLcLSGZoA53v2xhrJVzRbE1WXpuB9VsE4YzOMOr4=","2FNDVm6gLVO8UM2MZqzmgyePTvN0VRmp6bdRCeS5vhc=","fzLHNAsmzuk1Ls11YiQ6WxFWJ0C1OICe/KclxpNX/jQ=","+o7Mh8wTCUJ3o97tYUEcH84sQq2BRPSyzZ7fblNQkWo=","E6yxgX4edWHx7pjJOXmHmswzGd6Qi3PiE2qEIH+cZJA=","aDrml4qSBbcwpbNpydpXAHzDxGjxxG7iesDwXMKGqrI=","I/tq/8GIGvs7IjBoHPyzJEkOMJIrxEx4uilNdewBCq4=","mgK4JN4fl25gbEYnEwh+KZC/sGB1Fn0m9tqxSyzjSAc=","RXwus4RxnW2XEODpM8lhdc7yYJHxXp1ZmtXrZzH7ptw=","Bv+pcZOs9HacEze9Qxl+57XhZPO4amlGWp4X3p8nRbg=","Byy4Ccx9eCnZgPCizJhMYO84w/l2QjSAcTEJrt/puTg=","33nDpyyCLO0BPqi9crf42m0xaH4dfPIg65LmHuyjjmU=","eK+biXgzlRl+uy1ZjKu2RIuN436swGc0zWsnZQdVuXI=","XRmSG8LZOmQjPGTMjYvtMk8ZMF+r2U73Ji1DwYM/vwI=","jhiMU+WvZFICAMqiLq5YsqircsawJ6BjQxu4u7t3BfA=","UTyOnHRi1CC6emnNKbbSTmm5ETFGC3lkyD9SLma2o8Y=","o7snniLk05pKyeRy8foaJ6Wyb7TEX3TyJjJC498RX8I=","tW0HEoKARGoDJtIKPjDqqIdteOPUkrw5GMXF4bummpc=","hsqEb7716YCx7ZT2B3JbRQvjikxo4Q5wNN0RY+21Up4=","5CLTlqb2BHNRIXhIh1QxniCuzek+yeJhI0N0uyDydMc=","s5lfIt0tfU7yHjXfnNWa1MkzrPpBBxfGToHL05m7hBI=","x7OvZp0X2UHeo06yVlx+1I7TRNrYepbeQHQXvdAE8wE=","GMoVMVPc9CLEP3SG/veoUdnCh0S3Ll7UODBdenNkMoU=","QAOK1ua5IpR4pi/h2RkAsUFEH+Kgzq96N2feCpPnU14=","cWavpAPejYT1N9OTIlSGan9Y3cHkYhu230E31CNgjW0=","U2iwPZyOCOwzjEzDMxnP7PZd02SRbPDsW9hnoFB6D9I=","8B7WS5P6ITj0JfLDttArHR27tlcyrh6Ro8U/NxT3W/E=","lCN+DbwH9iCPH+yFvge65spoDk4NWm9a6rXB/DyKxEE=","+9+HoDhFvT+g8mWvLmK7fCCiTdzqwGO+aDKXkmab0iU=","p+Ynn6v7ivWjCKydDMgbeleEo5oQ33V8KOM4PpTQNhQ=","+mbj7LiAfnsIc8mpF80M9ArljJWRgUEwr7/RppD/Cro=","tubIOD0sWnBaF6yaEOPAYLjmb4TBIe8gDKoxAyCCJCo=","IkJqn9o1nedXSbLB7GAac9lZ7fXIKCVHGHo3whDTwgg=","GAsfvKUDL98EhauxUsLrOVwB7NrvqYMQuq5h7/KntRA=","Ew5mkvfevYs95EiQ+dz9BwKjFy90kLYhyYDSfuyOlUo=","bP0+SH+fhSUih4KfizkiV7FK7K+jgs5EpAmCheUVnXw=","Qor7WMFfo4Vx06GG6OBdD9zak/UkEPrXuhntHkFKv+s=","1xl+dB00uUNcvmzwAyzlPYebw6HC/+Q6RZ9JMdFPCJA=","7Ka60gQjOA1xDTwangCvF8WjcoSXu+9kZm6EffqUWlg=","8GYvLmB8KgDama5U2YBsn25G6xFy15deFcyMYT4u9Tg=","PNOmgunIBLSwqSF4n8JGxmbqyTC5IlUWMYUCq0V93D4=","9uCJP0+VDD1Nx+nMNE7L8xHjMID41jqsxdpcRq+oaHY=","qTCX5i9oMHTFkDE5UEBnTYZ6gwpYNZsBDFFPvB9oL64=","Xc6bOAuWqjh5svEUW4Qa47TF6b32+4EJMqKOy4a7xBg=","EMLCajwExar85BVYNAw0SJulBbtcMyZeodTtpDFoZIw=","jh7JF28Ot9JxN+PTJa/nR7PXIRSXwZe/8tUGZLZu+Ig=","tJTnX9up+Mm8SmBGXmOFIIUbbk5FF/UtvX4q+/y2Vig=","AaH0xRyUvTwNj3hshVZ+DoAiAhmEzRfnlTx2mrqeUio=","n2yiQd19O78PzZ8ZtQeThWIWgRlOgAF0j+erTAmMvMg=","XLEiu6XbWLRnGwEXMFvXXaK86A66Alt9rx8/o6FU1+A=","8SyVxTOuWIWXG1Og9f3AOTzCYLbSS498p6beci/0dF4=","pj665pXKR1Uu23cazHVWnLL6gi20WJdlWmGp+v6766I=","XuxNGIi2pQhINA+oJnwr9qzCay5bXHyHC2w+nsDNXeA=","744E4wOyVK0VMaOuzgVEUVF/udt+UwUr8F3l3lWhcAM=","spzqB0o06aGzGWWqfHdiPruLFlSPhk6VotDjhJ2gGfc=","cxgIRakYjHim+Q221NN7fsaU+lr0+QW7601jy9ld5A4=","NpbmYmFL/22kRhD9zNDrRlbBBcflcQpcltqcqT1RwR8=","smWtngeyDPekqc0aWhyeqQtt53D59UILGBz76BKpn10=","f74MoeMnjofhqlgXGJY8vLdB79F9oK0PiruRguf+gco=","n4RevG2fOdCS23Uyl0GPfJM2KiRwoOnZm40UCY1MzMM=","RyJlcnYIyLJYSiD+zFA4kWr10yDwHR9OmkuKCa3ArUs=","JvIfQrNKZkxX/zDY35xboNac4Rv3IlAhAG+eb9Ie6dA=","q8U8OxsOMJr7XBhsgnxinglCOo1epnm3oOdnKHqSeas=","qntdaxGSTLqElxoXoFbYQUnx8XY8Lpk6eImmSjZwWCQ=","NCZh70cD9tDJDf1NLdx3LJ2oPGlKrGEpNJLL5JFyRAE=","ZNnql8f1HLIqJNAl8zoZo3iaD7B7pzArhfl2mEAfmiI=","Q19IVs9Utux90sksiv/o2/eME9Ao4bQyaM4tzhWtemE=","kE0ohIT2oOG5TNRcF8zHmB0nFYGzCE64/Tmoht0Zy9Y=","GFNIbqdPblLkt2DQHdvPSOlrcDmNgpANaMJruMZKBjY=","Ai9WRhAUQT8gk4MM9dz9itGZdWgudJm/77pn+CqAGu0=","pdfKjXKsPbuQS7KFMbVc5klUIuIMVtqaGDKMg/rG9Nc=","p/kpAZR9JAVSwuZ0z74KZ9SWfsfwP9+DORLRS18r1tg=","5SkPf4Wju7udEg5Q9DR73s4c4NuVfN5KP4MJPXAfU3Y=","sugoFwFSCY1+odBDDZHiMgqr+8ttR9M5AVHBGxbV7eg=","V+Eciz3TZKEjweTgkx6fLHyKtg1yecsRomg20Dljrqg=","pt9t30iKbfhTV/ltwmSmlMnhUjzLk2lSSrR+PohvKX0=","bBSvYPvtaCHQ2v+rz6fiL8ftH+0GAU/NYIPsCTZZW38=","XFWu5muMW1B91jzEOZujrKdClOytpslv9jpAfnUiRus=","5wksy9NRFYaS/To4Z936MVUGQEyJdpKS68OLaRn74ew=","ReSQ8qK10s10EusBI3Wj/hWvOAYa6IdMMVoYTpKDxDA=","iWIecbBk8AADYOPph1xACSiOHYx3/Ld9La4PtI1rAt4=","XrrZLWbvhjidIJ/JM9lLpc3xWFbyxESABvsiwjCzlMo=","1B0orCzToiX+lANZxxqY0k0ydnmp2vL1gXIiSn1/59E=","1gnxBjn93SXqKIQmc/WzteMZDiN1YkZu/Gly6rBzbmY=","ZT3XuUvFTzOpJWzEWWtETewkknHQhlYuSapN7SvdPp0=","kVLRilioQyMZIJJusYyUg7mnlFLDQQ+cPc8bIVqCwB0=","VUvJFZnsZ7XiexFCrh/nd3sP6zkkyYHwbu9jRsLR2lc=","etBwupcDHsfUNLyglD7Dt1HiCS2Zmtghliy+8nPej7o=","Uv+mH53U4rzS/fviKKMqlAGI6HDyhbvU+ihAqNosT1o=","lhV/VrIBBqrJ/SZ+Y0EtoZu2mHCQfmY6gxL9GqItWN8=","epZFNa7qvFmMAnYN2al2DkjPfbCPfG6iCh6qKNXw4fU=","iCxi4PM0190MCGzsFMsc+80/J5iZZHYINs84QJWUSnA=","KjoxpE2rLZgFmn9aO7c6NmdZZJuQXW0Xcku9oKD7BZo=","xEKAe8+0K/RpvlTqc/jSItXqhGJGcoHwZAmwWa9TEaI=","Js2HkzcHfXCiwCWdU5PwFqSeiArGWkLQ6Rc5UqXeSlY=","DIq2GnG/+dN2IWtEIQj0KmrzyjqkI1DCcy/hHkLxP1s=","bA8YTeAd1gp3kfJH8ZfeZoQJxfhUWAUQFhYLWBpehmk=","VwcoXG9D4YvLHiO278hnmGxuHJKvWZFcoRUyDcMXM1k=","9Rioct4haPM6D+Z834Oo+xWnO9DLrEaoGF9c3PZY0f4=","W3QvttRquLWytNxz0CiViVdFTROhibg5w07jnOmeilY=","ol0rH6ACwLotuJZpayElVNaAj80CJuSdRRcAxSJGdQk=","k1rBMVO7Tx18JbJMMpGjAPg6RbazOlDMZniqTE1E3xU=","S5VYyXG4pDm5/aUdqr14K49Ct9B66fOjzaVbhm/ypjw=","nfgyE1zQf4FALgFzQ8Y8Ov6n9OW9rpcIoteHMBjye5w=","YBbfnZFCjDheBFNoANABJzcEOz8r0AoOlaqpTK/8nw4=","sJqTbwNXcG2Ka73uEyHVT1IOguHfOVaL6zQ9cMojaX8=","WEpluwGpgGVnwuHGP/tS1qYu5+Ldbaqv0bHsHsAHjq0=","675g+4e/05vtDvCnbl8goNYLnx66XmHxJOrmeBpKAGE=","MXIo488iNPZ3bDoaNj6GBJO/m84uu1iBbXCfieXy9WI=","UeqA/yLNmUiuL2kEw0joAKkHUzmWG1pW64gLJAdZrPU=","S93XusDOxLM/CNSxAEwG6RGbzo/JHyeO6HGqzfU5CAY=","8MepBGtZX+nIsUTm9yhDujYiPXf9VS/Za4n0YZgeC+I=","Uy+YBGpEVPJVQkyuU2GP098GDygJk+kXBGhFlYqRjv0=","W7iqZNBVORYPHl0dK4F5Im+pKY4dlCGvvuCHYhkSv1A=","sfI5Pq6qMUjtxWq01IXSJzzF3kJbem6uA20I18pt+FE=","bVe3xEf7QmRUKIYrBTE/2XKLrIzz7k/xhoWIyhV1fYc=","iOjwZrVaS+I4kd0gRkFfgasz+cVzo1/88T6VIvar25M=","eP1IJw4PZWjJBSsxUGczd+OEx/tqjDHOS3gpxg3bZ+I=","r5a+35TLETQRT12N7YU/1LAhVQKfhopmSwOAXwKHCqg=","t3AlZifL7QHTi8kvoAD22quNxhC8eqOwLpgT+lOjROU=","4bYJjgWrUQr/jZI+Ok3U5nQNSKui2nwq+FZZrhAteMM=","l7oNXzwv7CU3QJgewWgGuSmbCsaQhR7D8JNmtcH65Sg=","IOM0pb08HCO23ZXq2yzZQh8VJtkun6w96e1BLvHnBPs=","EnWG6gtq3l5zH3c4cUrLI+v2P4/Yx3D+TObP7HoihRw=","csQuF4316akIJ9RVov0qeptIS5ZC+tXOay0nmLJ0TGs=","BVT1P/SjE1ROySTDP3fBxYDGYj8KGEBRSu8milxnqqE=","obRRpuaJ09kDA5YKHrd0RUcZdIUxbqonGpBREo/vkfI=","J1DTNiv5EkA08rAhxVa1YVd4VlNK7RVXFpjC5SRpQ+c=","unOdvF30SI0pkLNpCUdkNLWQ+sQFD6yWlleX8oIMSlM=","G95z2WYmCT/5rbPKi5koiuKtJJKSK3xPTD74jTljMrw=","zA9U0uS5faqTLIwc9XjxQ6Yw918r7LgOQDt9nWpV3pI=","i6/oLeRbNHHhtLgu+/V8rdInp/IGtTRAoaxIqMNYm/U=","Lj4poGXDZIoJXUKzRSGx88HxXSPXX7wnh6faLN6V9yw=","UuH6b6M0JXcvD0jXZtNAi+sTSjM+OiIZEHJVunw14iY=","KXu/UHD2JAvJEFMhwTZ/47sQOYX8oNHI3qJ83+86njo=","4meXOPBJ9X3SgxuVkrk1I0qzCHgoUioGQGKZM4swC6s=","zqbmfuo0qMVQPVsDRrm/6iuaRxd/By0XDIuEEFXOwfw=","26UfBjdJuOzMjW5NREUbPLTqY180Pbf1+1EQ8L6R5/I=","Ff2jGKu3bFrFZldscgcj8NmJDeiNe4dGvyqTNMTB+Uk=","42EJYOBE9FsLRFw4GlrNkRxvtA4bovk+RgaK1xLx7J8=","Vk5FkaZ96cQZPthYX6aF5jtSZWsEXev32XvrLx+kAOc=","byd51v6QVa48X2lt92VFaetP7iXQLtkGNKpbaT/wbSE=","VVAYlgNmSAT056uNRRB1CnSW07WOi85BYXUI4yhZjlA=","FAHVyzgu+G/JwJRGpP+FZV6pwf6IT4Iy+QL2y/c35t8=","gjydf9nSdFxGG8FBQWt0HOTLjWQ1YkIA7O1SdJc41tc=","4J/t/ZsZuYD0gC5wwIhKU9eoenTyYqxc5HTUaUvf4Uw=","vko2BcIY0cAqxqnVMszt7asYiv8aIlq4jnltaGqIKAs=","i6dzdyNT500DEseoFFc5oxlzwbHrtsSnda9NHJAggJo=","NVDQazGdeYrWn73a7mne202mbOZVUS7uf9zWqhPZDrA=","THkdv86GigacmB3K7Tj6MW9+Ms8VdcsHiyDpzkpxzDc=","BPtt0Kly2bIVohvfQ2juRB7WbN3X6lFAUW2vKqTf+ks=","i5E3dOZYWEalZvcVvGjNt3VhJbwkAMhMeE+xRh2Y6to=","p+Vrs1COQqpB+6rWwN88wqgkU63Q0Pevnmf89fyScRM=","kAFyHWHhvBgngW5x5lbmDr44Z+OVqRgWExOnKSpnCD0=","l1i5SuXPEqid4xlv/HFFv+ss4PU5/ziyOoFUTISTQYk=","6WW1wfDgxBmJP/+WAZ7B/W4QXMZrefmOsHbqzoNSOms=","vTyvqGqmVniGsedQVtWDB0eWXIPRZqvQVO+Ux1dBc7E=","ufqoW0C7j3DuIBeQSTu1JZBhCPZmt2HptnwrERZ6zto=","dO46mQtyNe73JAJ36J/BoyV0+5oF2WZtkoBBbJluWp0=","AHQO97AGz5SmX8cStkUn3Jxt4e9Pp6C96OAWWSmwUK8=","wdS6/OiZvlpbC2DFmaz+vp8wOp/Zc1HyNN0DVGTistg=","athvr0E+Y+gDIBqKyN5X/o7SPR3nnKFfi3FB5ftPR9s=","djgUU5lfc7nOfhWskhsVXz139oFSaWcuEsFeerdcjPk=","rvPvTcaMuzx0JD4/kGfYJyI8Xq4l6zM3WVNxMEr/Up0=","19AE+4wlWC9glAOPIgE5RpCYRSZQdEdUG20lYNq7Or8=","Nm7SYHm5Mo+WpnVGNvSScA+sIC9yCGgwPFJFGAslJQQ=","oO8hV3U+J5MMuVOcqG/exXHUBgjBxXhmBnWuNKKzRas=","A5zjwr80/XX2w0lYVNkEsjwpAShJWRHWXE7z1NCjDxI=","AsgDhD/A/R+nQknSO2swMNZZf2jCPWimJ/LhUZWxJrc=","HA5tf//A+XltzJwTp87SyGmb6t5nhFWTZUvgd/vCSY8=","bMQxEkNwi2zacsoYsT9jGBAHqD56GQiMx+o8RH7Z2wg=","56aKWfRMDeryQXJdPv3hRDUwZzcEncIvdV2ihY6ID2s=","ca9MA3dDnMaS/xQ1oc5u2QkGkpwCiFHBkCkd1en+j64=","K4H2mzBsGmh8LJPWIEzZq+J9Xdsf74Fg2ElOyd8/G7s=","8U/AnEQp/Cz4K04PmIEIdJ/1WZ3KuMWK7rmwZCkak6U=","H3my3iA9KefM/IjtnKXRuPEIiTj2Ztxlhk4Ws5Qzuco=","dZJrQ98yh+qymEBfhi97pQq+WGvlMAxy4z3Syc84kU0=","zYCdpHYBHBrSPhnW2bIa4a6taSkzHGW2J05zh5eH69U=","cA58OtX56rtk5nDhhUOoWtdnnX9hfGXlahXo+Uv0OmA=","HY0cK6EqgNQbOni3Wm3qC9XSPDaKwSaLZV2sA3Ywmik=","6NKEnvQWfE5kQJ7/Dy17fvCbI2fCoXLVDmv5NjU527w=","uT8LCt6sKTwwgxp4U8XelTMLvuyAUk/H4n4R8BUQqf8=","bCCpAUK1FBP8DrVPM6fDrGa3yU3/1JzwGPcOqc1MXlQ=","zgmVk+zsFC4cEbwpfgE/kXuIha0bQYwKyL+3dHjYCIA=","aaDa53xAqxtxQ6SBI7MEuYyTvMdFsbvr1qGayMsMi68=","re2DYw6KYRpNyFY8JndajR8ZfeDfulgVh8moi6sg5nI=","An3uQG0m0B0VA7W0SyrPzNU3lZ34O7Fva/CI6F4jGgE=","ehVhtTqJdjzpSZ9YL8dtTfPtn1DY1vHATAJoXz88/vI=","qxTOoYfXCrYK07G9+RYKNtpAzMPhUli2QmTmhMkCXbE=","JpUs1Kjk/BSHY7rDDSXJMJXEJC69Snqt4OYd13Qln1I=","uP3/B9O92GHJXIsmegeAiCiPaVolCTpqWzo11yDifW8=","Dr2KzDRr/TYmYHYHaxO1/b0rz3vnw05gTzLZIv13XZc=","O43j3+xHZPBmAYBJ7J3SBZEBmeZGk6xxDGj93pcbz+Y=","IifhTMFq/NvHCKd9U0BK/wNRLTEj3aKPSv475BVaXqY=","VZIPmXoBsizFpoa/DEkWV9mQlzJV53G2wA/HzC2PYVw=","gMjSNNobZLAa3ykhKtFRJOBHAhJl95z+oUNmz+4DwCU=","79G7krthuu0/9lJCfDUVFRb6gvLKwc/sc6VZbG3isME=","xmvhuta7dIlwnAqmHSp5iebZM3QDXrFtM2RlzjW/SSY=","pXDYGF+rClzC8LIWVrwlDrm/wSnLMkuLUu4cC0y3eSs=","wAsPLZNcDlci0iCEjpJzWyMrJngPUSduoGqcoCb9rCg=","0UXj/XoJbbFu0UpLeEguO78vjfoDAQu8FTX2hvPGakA=","cS67qE6okppMaBNdN3Gg5i9loU1LVkgTOIJC3+a4Unc=","Nc+wN6/ap29m6UZym/jG7K5HRZIE/ipIQdfILxJfrVQ=","D9wJlNblIqEc5Y8Savu3oulrOEBBypMSC85M+aNsTiA=","ZczSAj7LJZS9g/oC0XQcuYvr6d/tDLmd9jHIUMO1U0U=","W8wWCXCPIP5ecweIdtvvO0WYuPNUfpvbBz+ZTvrt3HU=","HxAwtSD4XTb8ca0rCu5kc1PSSRTk0go2vU7kI1rXAAQ=","JIeQFc7rBNbFG4WwnoDA1TCIJCB1t7nl8L2Vzb+Zgdo=","SwDmcBXu1Vu8WFUZXTLD281jcPbL6hGrQFk0VGDcLBE=","K1nT2M3EJxQog/q6NIKTDMUqOyKEeJdert9hcqBE/S0=","EyawwmWMEHIAIp4AvklC9FlVG9I4mAORoJCWK4+PvXE=","HYyWmhPKs7BN2dcSYM6jWPqovdNlha5/loQhza74TZI=","RQlW+NlVaBYZD8h6KuTW1BOnSMkpmvNwZav6skjoHkk=","a9wRLrh+XIhNYCtBUOllVBr23dGCJHBYw4ozfdiiHV4=","Pc9kmMHIHgptd66BdOv3DoEEU40u3Cj6izj9XSYq7TA=","eo7w3aW6ME+s6rvoXtxEzsBmFkF6NCkTqotW+6q1DD8=","M9OccJ+U996fwLxRaMkIKL4VrDjLxyO4eJD0dcvGQ+g=","lJXJkPn+VshQIqZHwtdOS4+rJOZa4cNTNtimtKJPuNg=","2dTvKXFSQZqrgZUlQLFtzV4wk331i+wbmcFCSU794z0=","WRzOJl01ucxcW9r+j3/X9m+pBT44xqt4zaDMhAcWZj8=","s3PVQD3RSmaxlZQslr9EkpM9+eIrKVjVIyXcsWJqIUU=","vh2Xkml0GK9/wolsG4jCnWyV0z5tAxgp+OyfCoqgv28=","L2nQFCEu4n/b+RWe/0pe99dRB8+CFQ2WRikdWNCEKxs=","lxCixfSg3/Wou1fuy6MDeXlUg7TKggQFXhW1DKyZqaA=","z9pYSEjiYif9aPkyCb0AWdY+Puu1pHiIhfCLw9cKmwE=","TdlbBNkD+9vyuLDHkMWNJKNhEUzferkLuZc7+ZHVq3Y=","q62EjeUbWq4VLtT8N5eZiRK40I76c7qOLAN7lSlbqxs=","coUc1wbVxB2Hp7HKwz05l4yQx8gnaa1wlDcyD3XEYZg=","4mjVXtVYHRdkhaalhkjo8VVLJSr1uWPhY2W6PxSuOSc=","uBaUgR9xARMISTossfFt4MmF1qF5vHHMJ0npBmTEGEc=","vkqFBY01v2z5FZvDhgWcaadjG3bwW3X2dgyBVsR2Q44=","M+ol9xYmvckeKWIFg9K8LICW+fD7UwuyXIh7EUVxO4Y=","6u3SOdhLMstJuswi/UX4qaxKO+fsvx0kvoPNqqpDHvA=","tSuOI74AiPwapnwiab3/B+UF4nBpRGepiWZlNuVSyZk=","vWDNOJTFQg4LIjfBTNYXpRdgUzwjynBJmIqt/d04pho=","zckguDHfaS4WLW84vJZUc4uki6ScBIrmJMGyjtYoo34=","It6s0RdaDOnbhfd2ODRG5mUEhq8PZEl/UQteJqju7gY=","Ht3KUHw9jaE+ABJSENCimFMECaw1WcsyLw5SFv+9ymw=","O2xfhPMQA1NJA2HI1HXK5MDfkL1JfCvzvVrPDgRKZmQ=","hcQVfGWovrZggANXaP8IZHEzWhYH8IOJlllrXwWU8VU=","wuL21nQ7xFfIpCpnPAkTsAecqVAwIdBtx+qqJuFisOI=","f0jlmcIYEDssqbt8JImq/3jSNb9itpSpVxrrMDZQE1M=","OL+cgFydjj48v8fsKFaL1VZYk+WXbLH5c0G4ZL5vZBs=","ZL9F4j+Ev3JcBiFolb7X8TCH+qyJriprM575BODQcE0=","pplgxu0pZ975d2xS/jsIPy2mEshAxMUsuT4LHSoiqHg=","jhMQ08Yfj+9T+9MxVpfrOIxb6pDQCQymH8fmL/BAbGY=","U6l1B+0kxP7nSCXx/dYKVP0B7Z01/nhkydJGEdO4/Gs=","MeXbRyJPvMplU7uXXSW6VCfMYP+JMA6/mqx18tYMOU0=","/HB+7CkPsOP/T9mckNK7qsHASCs0/42KkgYbKJ9Viwo=","Dk0jbTCI8VxLbiL+pFIhRV2NImVWkmGZWStcMK8wrDE=","PnlSlAMMT3gT6ArcIjjNUisYLL3ZGLBBvZXZxb5fr9U=","A13drJdsqnTYKHv/LNhrvTfqo3nx6IbI/3GexbpUYZM=","tGgaJxpoKTbVnAyDuHhFwyE07hJQHrDdwWdwJ9hR2u0=","CbNDB+DucGfyIPTTUxRZ72uzFZu9sCtsU/m+l6+iYto=","YXQ4llTZgDRU3UepRDEN6afr6dedNDSehcpVoiMim+4=","wHoDdUYZhYGy63/uPKGkNHrq2U/t5ChK8cSSlp27FPM=","RiPbg5fmewzPa5mfCuR2OBhsDQSPtSCEcID11VEXznM=","0YpGc0XHTxQr4XfjA5Hps09nLdJ4zc73Fti6afjzj/0=","VNmVU/royq68KQF5tFWA9aTbOZJucymR7+gwieapClA=","PnbrPm9ep7huLLZWfWb+mxihAlGhDnIIlCyCciLJfGI=","yJqTyTMmam+CylRHhislBBsLbDJ6hQYtlP4ZeFV9zu4=","QutB5VSCNBa44zAXwuU1DarO2jF48Ktk38Wdtr25HWg=","I5udgGueuOkvNB7v2ywKmrwB0Hrk8zSiPMbJLPYOq20=","/siGZQQvPWbLJy1qm8IHlLI0q/Ufu6joSZHL1lG4Uko=","Y5k9sb+KKpCEw39llo8i9yOwIZLCCOBEkbHefe9YQhU=","UKZEn1UCqsJkWklWjWKDaxQSmGPzYAm+sRVPw0hiPT8=","9q7MwGJGji7qLAKRcpuwlVILNrgWf5Ypziyce7SOruw=","vJNEJo21JNwbyPYgeF2tpqBVemNTaWL3ASY6gGblx58=","uT0tkIKWihkUgfd4wgg5gS+bCxUNyE4xlg5rbM6wx7c=","/vwEf9iJvUPam/yBGbPSJaowdVJqrGWiHIYyyS3uk0Y=","oFBTccmfd2udRCdMOzlBTzd14VzhRSpVk6QjkvYjzUM=","8nDOTU38TbSwc+Toi9A45dXuA31evMTzOovLyND7VV0=","eBAW8R9w+ed8MzbDUnpimjjPq4/3BaOm+V/GJ2Uwifc=","W6OTm0LtX6NrnrD7XMC8Z/sJgPZosR1B+oTqPluQAzA=","2Av9MsdBKmdWL+tVgx9EBtfNXiofeelsRxA9GQUhzvw=","d2diwHce30z2QzBjNDnJoF+9+2Th37ijJGvTDibavKc=","bEq+gfmm9Ui15Wbf4BFKH/WB3NmgaMNOIpSkgcRD4e4=","6HC5TsveRXCRBP4ajT8pE7f88ryDCXohPZmfWFdWEEM=","qduCkJ6D+HMSS1qpb5lTJJLCNFjYsUnqG8j7KJz6faE=","AwLePLGWc5vk1P8hyhs+2HoCzZR2ekAgUI/YFz3xw6c=","csvOKSm2mf/ucjM5vBy56C5wciBmGJ9t0oPegpgE1aA=","IQKW9ty+LZssr9NcsE3jiBuTLVHLJJEfzs/KW49WwKM=","x22Cvv3AddxH6pzRzeQpcDjLb2OiROoCoJAbH1iXWJI=","8XM//kPgoCIQEx8LF+dfYhvZWiUO/HpKVpknNH1oU3g=","0WNbmJyRsOBL8ME/C9Xt96GP4cR8KIM8m5lha6ovBEI=","Na4QftQfTdH25HSTzyLkpUOV4ocQj1C6cbhtE2ndAqo=","ZvFwp5GlT/sSxLwELHEdFQYXulZjeiDPor9R0Smglss=","ySx4NRMNBLKoP6XuJmoCg2R9qthqSSi9jQ95O1JEXQI=","T5H3/sfj5CuZJgRKL0Tfm5zqQgNauE/RJuLEFCHiXKI=","ef04FYmjGKKW7I7eVwBCRuHEynViQpyTOXlNQjAs7rk=","+VQ4NE/yx0Jb1U60ucimSLzmxBXoNT6Ro9okWnIBhOk=","V1AEWG3A3Hkwxy9Yh6G0HqWeo2BcDLW4euhh+CRBj0U=","5XVX91D0SFR8Qm6IkEWubVhMvNF75oNmvFtG5S/4VPw=","tWceq10IR33l8oijgJjyeaib51JJkwyyld1+PGnQIpM=","KG8X7V1QG46FuqyWwo/9idasQVIUR2175j9fInQ3F2w=","UPQtgjvhmrI3mHeYvvp2aATUxCpss/x7MHW3UO0NPO8=","CcpEDUo1b9TIhhPdtEB4UhYKRRWxRVvt9RAWVwYNPfQ=","xIbPnTQRxQ5Gf29wDlX+x1D0+nadj0Zn4xUSb+uCxkQ=","ar0VaCOsGNwZagOsdvDCCljVKKCWrR8omoW9ayKg7H8=","noEV4nhJ1t86SUb9zj6QrF0nAZ3+ezPsGdngNUC7Yzo=","NFzcWuT0y3HT+Nk2uxMMzEKAW/HgNxXtGi/RnE7SiYg=","7x8EiJUKEetG6R8UqRQ36A/Uqt0Jr39ObQ+aDvBfHUo=","amSNWysnUAfEvmjoO6ZcsHnht6YUkIN3IV8k4eWcRvo=","GspnzFgVlVMQWB+1Asl9UWlsC+/rjqP+ftrhK3wdQ+Y=","G0w8XdwIo82F24G4MshunKD+Q+wZpLA45NK8Zpx7nbY=","P8gOGPCG1+tBdCCD7jo0vdWt6J9CaEopRoV1Edwj64g=","fKjADfCcEKhdIBCM5v5Ra2aRJXoFolKCa8xtY5TB7tk=","Ch0f8TwCMVG6cUWMLO1rqcWKimfCUqbo1WAqbbINtsY=","+k0/eQGnw/G3PAiHg3q0TlQtEcKUM1aORNVsjIleiGU=","/eg0SPng4qZjrxvjd7mErzOjS7+usSWKvTA6ALMGbj8=","1QvumMboLR+mro8JUQPbup1wZrFG6MvXJrVZyVbLwVg=","h7dVnYbHqouKCgIM8ibOyuILzFq+W1RsBY3DPx2rEkU=","5r14xQm57c+0qwbcQL5NJvfQcJtUVmbangCj2gz5rtA=","pus27W4k7s453MrGop2EW0a2/N1Jzgjb70jPvcwP2zA=","6uWLOo9Qzu7Jxuzd6r8lbTnfACArtJH+HxFi+ygkJw4=","V2Od4JzKdbe6Rc0J7XZn7J5uPADEO8fhmwOcqXuhK9k=","zoEJ09h4qACD79PBlGGaG5WVkCrwe8eO4ZE7Z5OaB88=","8s4fOMJ76OxkDb6skyH+p5TSR3RLO0EpDWnrAqOHufk=","hMav45WzdKlz+nB/pevJYa9kR0got8V0gr0cDww3fQY=","0Hy/TTlsIlU0jFuSGnngYCY8sE1C2tyS5/4zRVEoEGQ=","cGjhCuU0spCxOirSkKvWrKVzGWgHKd6ecu+vRNQNfIU=","5v6R7TqNc+PyI5xFNcJcZQ6OhWaQxFGKNM+JKnxZ6jI=","y8kgwob+VSr/ew0DjAd4T1UVzgOWLYKasiXycTKcdaw=","N9sUAOL8b8wmiSoxPtKKJzNN0D0UBgyGewERKTuxtM0=","9b3dEk8gxULGoWISBn7hFqUbJjC5AQY7UvUdYclTByo=","jIejNKSDa8Iv4h3I9/hmGT+mpekP2Ywg2m4JqgAqB00=","z41pwi9GgqRiS7rPmz+jM/wkT1ivlqZmEnn5SGB2bbs=","Q/hEtgN+XtZhPN48BvZjEktJa7/4AB9oWtxcSrP7hfo=","EiiU/gzUR2IMTbGnNKUKKZvN4Jb7twNC8UbmlcRtOxU=","RkKSXqI0PfKED/QL0kErbQNzvlyhDG57CHT8jR/UDVQ=","jXfTwPbyEg4q5y/TIFvQ9Sfr/mMRofGBtm07mOSbjdw=","MAr2tvpwG/uM6/noBS7e/pr//Cx+dLXQQytHME6S3q4=","9kD3lgIC+LIOHRhEg2KB8UOsUfGgoLcijUewUWRNfxc=","OiwxaP15IivRXadHFwAyL092haBEclssc4EKZY0eGCA=","pCyZANBrUR2UdlhP231uOqM1Y/9xyDiqHWE5kyzG5PY=","cpKX5+uQ2/YDoSYeLlbeFPPNX88nbvpwwlBLwIhnytc=","hjkZanjoukhuM1QyVCNVj/py28qM/FSNbjBODPnFYNM=","v4fMn7O12GPbmLzMe38rEuxGAgKorOhO0xJgwJuICsk=","R+TgKDDgp9dCMLYYPyt3lIzP5oqoGDLF0Kw9eB6P4xY=","eC7jJ9kt6k4JrbnbDKgMkALyAlggOQ3Q2Kf3lBzLJ9M=","lN43xjSBTMVuIV653G0d6TJfeAnWSGmqH5A0ujnLK3A=","FmWLw4vF2zV/2Y3FkKXflNH/5VmSCGNycvstVIuOem4=","5mxR66FFhnQ0WcBdaLViTSIvfvwfMimwGEi188QhevY=","ARLBbYOJrLqDe034JDb2wzMiEVouHZ9QKEfWpGqiJS4=","Q7P6yu0A1Iej3+OUpzLxilXsT3+alrBaLiPUtbM5J7Q=","KZoDFdw1w01a/S1iA7cv+gflhBx/fRe21y7ENinhY5M=","4PYnVD0gpG+3+GKdwHNEi0hv8gP98Emlv2gHZV+Z7Z8=","viJJOO7+xchUEq5QK0/VgacxALf529F5MDdvqOKy3Ic=","wq09Bkjtnb230PPl1qRJPHIB9gzTWTdMtJWlmLz7yg4=","ZxS/b++tHneom5JNChBJiQ9/kGw/JaI4vDad40FN+VQ="],"block_size":4096,"path":"vendors.js"}],"version":2}